574271000,QUANG MINH
548289000,MIMOSA DREAM
565749000,TORM BORNHOLM
412548001,ZS PILOT BOAT 23
574001710,MV MARITIME 69
548942000,BRISTOL TRADER
229548000,VALENCE
574309000,SAR 413
574803077,MARITECH
574240177,GIA HAN
548913000,WESTERN DURBAN
574451000,PETROLIMEX 10
574030303,BAO TRAN CHAU
574001480,MV THAI BINH 28
574115095,BINH AN92
574379379,TAY NGUYEN
368548080,TRAINING 0123
548938000,DOLORES 870
574085262,PPGJJOK009
574040045,FISHING
657491392,L6OH3FN9GCL3MN7OM
563376000,DOUBLE PARADISE
574097979,41LAYTHANHBD96967
574776389,VIET NAM
548126385,ZHE CANG YU 01818
548326100,MT STAR SIRIUS
574940000,DONG AN QUEEN
548260100,LORCON MANILA
548801000,EPSON TRADER
413021110,SULIANHAIJI0118
574200202,GHE CAU QUANG NGAI
574230097,QUOC 97
548612300,DON ALFONSO SR2
548824000,SUZUKA EXPRESS
563176000,STAR NAVARRA
574121212,KY WANG WEI YI 66
354884000,HO FONG
205488090,GUATEMALA
574146136,DEVELOPMENT
986574532,TONFU299
254830000,MON REVELL
574001297,PHAT DAT
574582081,JG9PI7OXQU6
548293200,M V OCEAN PROSPERITY
548406100,SYCAMORE GLOBAL 1
574191013,NGOC 91013 F40 P1
574965000,THANH THANH DAT 26
257479500,FROYSUND
354899000,PHOENIX LEADER
457485000,SIRIKIT
354870000,DS VADA
205483690,KANANGA
257478800,RADAR
657436000,MV PRINCESS MANN
305480000,PALMERTON
257409900,ANNE KATHRINE
574003200,PETROLIMEX 20
565480000,MAERSK COMPLETER
574963000,VIMARU PEARL
574566756,TTTVKH77TS
574198357,THUY TIEN 5701
574904000,VINASHIP DIAMOND
257466000,CARISMA VIKING
574429000,TRUNG DUNG 06
574000950,VIET PHU 16
356105013,NKTK W
367384520,ANNE JARRETT
125487777,SUCHANGYU03122
548753200,MV SOLID JADE
574198666,1 GIAP C10
354880000,KOHINOOR
574412000,DUY TRUNG 09
574000075,VIET NAM 1
574012591,VIETHUNG09
574007592,0 5 2
574010203,QUYNH MY
257441500,ANDAVAAG
548820000,EPSON TRADER II
574198797,HOSN AIS TEST SHIP
574098983,N26473
324193344,O2OSCHIE3MY9D
574003050,CSB8004
574097529,LUOI RUT 529 A30
574000340,HAILONG 27
574777189,ANH PHONG 26
574090927,LUOI NOI 927D36
574469000,HOANG TRIEU 36
375484000,POYA
357548000,AOWISDOM
574666666,BD95092
548787000,CANARSIE PRINCESS
548043500,CHELSEA DONATELA
574190764,VAN MAI 1
574211322,THIEN NHAT 05
457437034,LUCK GROW 888
574660000,LONG PHU 08
574999518,SAO MAI 136
257497700,RESCUE KYSTVEKTEREN
205746610,EMERAUDE
574010239,NGOCTAM LUOIVAY96907
574000350,GIANG HAI
548863333,548863 76V
574002240,HAIAN PARK
457418000,SHUN FA
574082072,SONGDINH 01
574096079,SAO MAI
574095070,ANH BA
259574000,STRAND SENIOR
655748413,SUSHUNYUNHUO1688
244821000,DMS OSPREY
574002050,COTSWOLD
269548000,GIOVANITA
457432000,SINBAD
457449000,ALADIN
525009061,KM SURYA SAMUDRA
574070060,HAI HA 28
548315100,CEBU FERRY 2
574433000,DONG PHU
574298886,VINH
574000166,PHAO 2
574201537,TRUNG DUNG 16
574012708,SEA WINNER
257438000,HAVILA HEROY
574390719,QUANHLUOIXUB3703
565741000,WAN HAI 510
574889999,HUU CHUONG 49
574111508,LUOI CANG 84 SO 1
548394100,STGREGORY THE GREAT
574101457,DUC KHANH 27
574000079,DANG KHOA20
548462100,DEFIANCE
538004225,PHOENIX ISLAND II
574890022,TRAN VAM 02
323574305,ZHEPUYU323575
257450000,TERRIER
655742645,JBBO3MSL
574012546,HOANG PHUONG 05 ALCI
574631626,QUOC CUONG 01
574016000,VIET NAM
574001008,HAI PHONG 06
357441000,ARGENT HIBISCUS
354837000,WESTERN EYDE
574091795,TU95
574080070,KY VAN 01
354854000,GLORIA 1905
574198529,1 529 C10
354882000,ELEFTHERIA K
574002140,VIET THANG 36
357464000,ZULEIKA
372548000,WESTERN HIGHWAY
257460220,SKARVTIND
574304000,VEGA STAR
574079679,ANH KHANG
211548630,JOHANNES
413765000,FENG HAI 17
574198396,KIEN 1
257484020,VALTIN JR
257484500,GAMLE MAROY
574384000,GREEN LAND
454828110,STPOPE JOHN PAUL II
305741001,BERNHARDP
574696138,QUYNH NA TAN KHA
574449000,PHUC HOANG 26
574002660,THANH THANH DAT 19
574000870,PHUDAT88
574008654,THANH DAT 06
574220000,VIETFRACHT 02
211574560,FUTURUM
548756338,LIAODANYU66601
205481590,MIKEMO
548936000,CRYSTAL CONFIDENCE
574001740,DYNAMIC OCEAN 08
367574810,VIVID
574990022,TRAN VAM 01
574000370,PTSC LAM SON
657497000,IBITEME
574710000,THANH BINH 26
574330000,GOLDEN STAR
548768000,MT SEAEDEN
209748000,NECKLACE
257405920,REMI JUNIOR
574343000,BIENDONG TRADER
236548795,SAR2
412548789,85088 79V
574002680,NHA BE 08
574999624,HOANGPHUONG26
412574141,YUEDONGGUANHUO0989
574333444,ONGBAPHUHOCHOBD96455
574006454,LOC 6454
574275000,SAO KIM
257488600,ALVESTAD
357361000,MARITIME CENTURY
425486521,LING SONG YU 6809
574098748,TIEN TIN TIN D 38
574543646,TUAN KIET ANH 24 VN
229574000,CANCUN
413352770,DING HENG 12
574777000,HOANG PHUONG 16
574606000,SAO MAI 234
574172162,MY A
367448480,LOUIS J EYMARD
211548109,HUATIANLONG58109
574801901,THANH VINH 01
574001780,MARITIME 09
548843000,PRINSESA SIRENA
636014924,AL SADR  I
574535000,LAM HONG 27
574474000,EASTERN SUN
533040800,TANJUNG DAHAN 2
548771000,YAKIMA PRINCESS
412301429,SUGUANYU001419
574568000,TAN CANG FOUNDATION
574046000,NHA BE 03
574746000,SAO MAI135
574002690,ANH TUAN 15
574989898,TRONGTUAN498
412380030,XUAN JING
574083073,LONG SON 01
574100201,PHAMTAI04
574379000,GREAT OCEAN
574097717,TIEN PHONG 17
257401000,BOW FORTUNE
574111112,NHU Y
548912000,IVS PINEHURST
371706000,MORNING CRYSTAL
457462000,AMIR110
574090909,THUONG NHO
257469000,STARLIGHT RAYS
548814000,MV SAYAH
915749001,TANCANG PILOT
574049000,AULAC VENUS
562574285,WINONA
574012290,AN PHAT 20
548249100,NOBLE JOB
574098820,TRONG QUAN 1
574999323,SIENGTRUNGKIEN
548536000,AURORA AMETHYST
354801000,CHEMROAD HAYA
574985691,HAOHOA27 C22
574125177,NHAT XINH
574096814,DAKHOA14
574000200,HOANG HUY 36
265745500,RESCUE PIERRE HED
574968000,MOON BRIGHT
574340929,NGOC CHAU 97858TS
574001600,HOANG ANH 26
548007500,MEI LING 6
574390764,VANMAI3
574333306,NGUYEN DUC DUY306TS
574088078,AN HAI
538003243,BANOS A
257467020,EMIL
574456029,HOANG ANH
574001920,THAI BINH 688
857482980,LEJ8
257483900,SOLGLYTT
574144134,VINH THUAN
412574147,MINFUDINGYUYUN88406
548829200,LEWEK LEOPARD
574001670,NAM PHUONG 18
257485720,HILDRING
574169159,PETROGAS 05
205743100,BRABANO
574223000,MY AN
548436100,OCEAN CHALLENGER
574125136,DUC THANH 1
574097755,97755 LUOI QUET B20
574290000,SAR 412
421906186,QEBMHQNERYDCRLCLIDE
574195179,THANHCONG1
257452220,STORFJORDVAERING
574803157,LUOI SU D35 Q43
574094919,C 35
257458920,ESTRELLA
565740000,POSH GENTLE
574251000,GLORY STAR
257460920,STRAUMSUND
574001300,ROYAL FLEET
305487000,STADT COBURG
367574060,WANING MOON
563548000,EPIC CAMPBELL
574367969,TAI TINH 119
548628000,BRAHMAN EXPRESS
574090709,BUITHUY
574012405,TUAN DUNG 02ALCI
574035025,HOANG ANH 06
574526777,VUOT LEN TAT CA
582192228,L7ON7KL77U2QO
352718000,CANADIAN HIGHWAY
574917000,HAI PHUONG 107
574001110,MV THANHTHANHDAT 09
257455120,MOEN
357468000,TEMPO
574000597,MC9597
574248000,THANH BA
574096029,KU PEN 29
503548000,PB HUNTER
257468320,BARSTIND
265548660,APHRODITE IV
574435000,VTC PHOENIX
568548050,TRAINING 0123
305482000,CITY OF BEIJING
574700001,DUNG DUYEN
367548930,BOARDWALK FANTASEA
574001520,VIET TRUNG 36
857478679,LUJININGHUO 1373
574001200,EVERRICH1
574002340,MT NHA BE 06
574517000,VINALINES OCEAN
257414420,LIPELLA
574002950,SOUTHERN WEALTH
352202000,TOP FAIR
574471000,FS BEACH
257410800,JOHANNE
548710000,CHESAPEAKE BELLE
574012499,AP BAC 03
574681000,MINH PHAT 45
574100133,HB HAI THINH 08
257456000,FJELLANGER
574002100,GREAT SAILOR
548735000,EMERALD CORAL
574012121,TIEN THANH 45
574001490,CGG AMADEUS
257445000,VESTBAS
257574590,TRIMAR 2
548894000,THORCO LUNA
205484290,RONNYO
574395467,YET F 27 THANG LONG
574686868,HAU 24 C1
574470000,PHUONG NAM 1
412548623,55116A 73V
574191854,QUOC TOAN1
574102092,SAO MAI 02
574111789,TAN NGUYEN
968017100,3OL2FERX03F 5O
574002030,0CEAN39
574012795,HP3098
219014875,SVITZER TRYM
574194679,LUOI RUTTD7679L
367548750,MISS STACY
574003160,GSM 02
574095992,HUY HOANG
257429900,IVAR AASEN
273548420,RB42
574999979,THANH DAT 1
574002840,PACIFIC 01
954877313,LIU HANG 808
548597200,SPAN ASIA10
257457700,FROYVERING
574191236,MINH 91236 E26
413548000,HAI YANG SHI YOU 565
367548000,EPIC EXPLORER
367574180,SEAS THE MOMENT
248574000,EXPRESS BRAZIL
357497000,TAI JI
574012562,HAI TRUONG
574334455,ZHONG HAI KOU 03067
589548636,H3OL1CL31L03M3LLUWN
574456769,A LI BA BA
325574000,TETHYS
574575000,VIET THUAN 08
257463000,NORMAND PROSPER
574037339,THANH DAT 19
548810000,ASTON TRADER I
574095818,ANH HAI
533036600,SEMUA MUTIARA
251548540,SOLBJARTUR
311000430,RAVEN ARROW
548765000,OCTADEN
305574000,PHILEMON
574095922,ANH THU 95922
574095713,13 THU MY
548818000,MCC SANDIWA
985744193,N00H9JCSAD
471266823,WYVGDSNGCMDOJIXWKC
574123579,DINH HUY BAO KHANH
574787878,BINH MINH VUI VE
574001330,BD PIONEER1
416574215,YGGTEST1
574000130,LONG MON 18
574066056,DAU KHI 106
574000000,TRI VANG5O E32
354832000,CERRO GRANDE
574191171,THANH 07 PHAO1 F40
574237000,AULAC DRAGON
436671040,KZZEWNZNJIWVEUBIKX
574012001,LONG PHU 09
374164000,OLYMPIC STAR
237928000,ERIKOUSSA
205481990,SINJOOR
574396000,HAI PHONG 27
574002860,TRUONG SON 18
574888000,8880000 99
211574330,FLYING EMMA
875488846,YUE NAN AO 88846
574311201,CUONG DAT 389
574996863,TUAN TU
354858000,ROYAL FAIRNESS
265574070,ISABELL
548910000,WESTERN LIMA
574091072,HUUBIEN
574394518,LOC 3
357436000,HANJIN MUSCAT
373548000,FRONTIER TRIUMPH
574136126,BMC BETA
574100019,DUYEN HAI 19
432824000,DOVER HIGHWAY
548751000,SUNRISE SAMPAGUITA
574001240,DYNAMIC OCEAN 27
574112233,TRAN DAI PHAT 1
574096454,MONKEYDLUFFY
257429720,ALDA
574100198,SG 4145
574097461,QUANG THAO
412548786,668851 76V
254861382,LUCHANGYU641572
574001170,DYNAMIC OCEAN 02
548038500,HOWARD
457489000,MARINE STAR
574000002,LHY 5742
548714000,SHINNECOCK BELLE
574649000,VINALINES TRADER
354892000,FENGTUN FEI
548033500,FAST CAT M1
574012796,HP3086
548042500,SOLID GEM
574298268,2 68 C10
574864000,HUNG DUNG 06
574996940,VIET NAM
548664000,BAVARIAN TRADER
574224000,BINHMINH68
257413420,DUKAT
251574340,BOBBY 16 IS 376
258548000,SOROY
574574517,PHU HAU
525005255,LOGINDO STOUT
574097868,KIM CHI HO
657412398,XN66
574008631,THANH DAT 05
257405000,FINNANGER
574098734,DUNG HOI BO MAY
357420000,BEAGLE III
211548860,HOLSTENTOR
574573000,HOANG PHUO NG VIGOR
367574860,WHITE SHARK
574079069,LAM SON 01
574515000,PHUHAI27
257574500,STORMEN SENIOR
548750000,LAGUNA BELLE
574971000,STAR 89
355488000,DELHI HIGHWAY
257488500,SELFJORDBUEN
574785500,19 NHU Y
574434000,HAIDONG27
548370100,SUPER SHUTTLE RORO 3
574340033,TAU THU MUA TUYEN 7
574097929,GIA LINH 2 RAP D 38
257491500,LOS 123
357467000,MINERAL ANTWERPEN
548905000,DOLORES 859
574002020,VICTORIA 09
205485290,LOUVETEAU
574912552,HAI QB91254F40AA1
574111201,CHEU NHUNG D3621
954890471,JIN XING 26
574085075,Con Son
574544000,LAM HONG 18
574467000,TRUONG HAI STAR 2
574295179,THANHCONG2
574089991,VIET NAM
574000632,B90063
574097512,KHANHVY
574002780,TRANSCO GLORY
235741000,GREEN PARK
574495470,VINH QUANG
357413000,GREAT RIVER
574001020,TRUONG PHAT45
431574000,SULPHUR MERCATOR
574000890,DAI LUC 18
574222229,NOKIA
574344674,VIET NAM
574098717,TOAN 17 A22
244790369,ALIZEE
548066500,FAST CAT M3
414548736,XIN HONG XIANG 26
325487000,ABM PIONEER
574190342,CAO
574293000,THANH THANH DAT 68
367574320,INISFAIL
548816000,AMBASSADOR BRIDGE
574001930,GAS SELLAN
574023636,MINH 36 P2
574192819,TRONG TAN LUOI XU D5
548699000,LINCOLN EXPRESS
574001680,DYNAMIC OCEAN 06
574096936,THANH QUY
355548000,GL COLMENA
548279100,MT MATIKAS
548753000,BILLION TRADER I
276548000,AHTO20
574862000,BLUE STAR
574000650,MV ROYAL18
574888026,FISHING
548433000,CHEROKEE PRINCESS
357473998,LIMESTONE II
574003220,AULAC BELLA
239574000,CAP ROMUALD
574012607,PTSC OFFSHORE 1
574001180,DAI TAY DUONG 36
357477000,PIONEERING SPIRIT
231809000,SVITZER TYR
367574230,JAMES H
257427608,FQ34 CCGC
574169169,DINH HUY BAO KHANH
354880005,LHY 354885
245489000,MULTRASALVOR 3
574398886,VINH
574068000,PHUONG DONG STAR
574961000,KHANH HUNG
565489000,POSH GALLANT
574096841,HUONG THON
257417500,ROVER
574002930,TANCANG GLORY
574201536,HONG HA 36
574952000,THAI BINH 36
574878759,3 QUANH 18TS
548899000,WESTERN LONDON
574668888,MINH DUONG 8888
515744000,SHENG JIA 1
574060041,LE TOAN B 27
574250516,DINH PHONG
574177137,BAO TRAN HUYEN TRAN
574279488,NHAT VIEN
319002600,WAKU
211574580,GOHST III
227574000,FV FILLE DU SUET
367548450,MAKAI
574077067,VUNG TAU 01
574001150,HOANG PHONG 18
257444600,PIRATEN
574568231,GIA TUONG
227574150,ANTHIAS
257574000,OCEAN ART
574000113,91113 TRUNG P2
574001310,DONGTHIENPHU GOLDEN
525018201,LCTNIAGA SAMUDRA 8
574512345,PHUONG95906
548266100,PNOC LAPU LAPU
574000776,TINA LY
574097302,THANH DUY
457488888,YU RU WANG MEN
256357029,NF1NGELIA PETRAKIS
574169179,NGUYEN KHOIKI
574012338,THAIANH06
367574820,NAVY RELENTLESS
548097100,GENERAL GERONIMO
574141532,HAO BIEN DONG 99
574574000,SAO MAI 224
245743536,NIEUWE MUA
574999020,TRUONG NGUYEN 26
574001140,MVROYAL 09
548724000,MAORI MAIDEN
574597000,HAI PHONG 2
574000065,LUOI SU D35 ND
257485600,BERNTSTEINAR
355745000,PRESTIGE ACE
574097697,TAILOI51
574090500,NHIEUTRAN
574567567,TTTVKH77TS
457440000,JINMING1
548813000,MCC SANDIGAN
574699000,THANH THANH DAT 17
548701000,CHINA VENTURE
574050040,MINH NAM 07
574676000,AULAC JUPITER
265743930,AELVA
357476000,ITALIAN TRADER
211574900,SUNRISE
354886000,COSCO EUROPE
574098072,THUYEN87B5
258548510,OTEREN
548920000,TRUSTN TRADER II
574958000,PVOIL ALLIANCE
574201107,ADGPMTJAD
574185630,CHAU THU
374548000,ASTREANA
574365000,NAM SON 16
574392545,GIA BAO
574504369,BUOY AISTHIEN TRIEU
257476500,HAAFLU
574012722,VINABUNKER05
574504632,PHAM DAT 58 112V
574012077,TRUNGHUNG 01
205744510,NETWERKSOLO SAILOR
254831000,GAZOU
354895000,IGLC ANKA
574290699,THIEU LAM TU
574996109,VIET NAM
257434720,ALISA
205488390,NICOLE
574012422,MINH KHAI 125
574201429,MARITECH 29
548944000,CONDOR TRADER
574648000,HAI TRUONG 19 ALCI
574191354,91354 A2 F40
574012379,MV HOANG LOC 25
574201608,THIEN NHAT 05
574131233,01B
574002940,ROYAL 27
574096309,THUY VI
371262000,OLYMPIC STAR
574240000,NGOC HA
574127117,SUNRISE 18
257430000,RO FJORD
257430820,STRAUMVAERING
548258100,CECILIA LUISA
574002320,ANNIE GAS 09
574293589,HAI 89 F1
548384000,DAIO CREACION
574001340,SUNRISE 69
574244000,MV THANH THUY
574999938,BINHAN
566574000,CRIMSON GAS3
356027000,TRITON SEAHAWK
548807000,SILVERSTONE EXPRESS
371129000,FINCH ARROW
354836000,SUMMER CORAL
413574098,ZHEXIANGYU0098
565487000,CHRISTOPH SCHULTE
574317000,THANH THANID
865740229,ZHERUIYUYUN229
355883000,KING SUGAR
257485000,MARILINE
574194666,1 VU 46 C10
574498021,HONG DIEM
495480208,QPGPOCPZIHAMHXCBBWAU
367574630,UNTIDE
574092684,QUOCANH
548854000,ISTORYA
272627000,GENNADIY SAVELYEV
574000150,PV OIL DELTA
548443144,042193 75V
574814000,THUAN PHAT 17
352695000,MARITIME KING
574371000,VIET LONG
251574540,SKYJABORGIN PH118
354825000,LAKE DAHLIA
257480500,INGER VICTORIA
548948000,FALCON TRADER
548882000,THORCO LINEAGE
273548120,RB34
574012239,MV THANHTHANHDAT 09
574903000,LONG SON 38
257479800,MONSBOEN
371140000,MORNING CHRISTINA
574252000,PETROLIMEX 16
574097431,CUMMINS
574000051,6 PHAT OK 51
574999492,PHUONG TROI XA
574320000,THU BON 01
574002999,NHO BA CHO 96619 MM
574000510,MINH TRUONG 18
357481000,DINO I
574478000,DAI GIANG
574925000,HAI DAT 26ALCI
574457000,DAI NAM
357415000,CEMPEROR
408574000,ZAMIL 508
574260000,BIENDONG MARINER
574257000,TRUONG NGUYEN 69
574209000,HAI PHONG 02
457466000,CHON WON 61
574560245,NAMD32
574097826,CTTNHH HUNG CHUNG 1
257485320,BJORNUNGEN
412574144,ZHEDAIYUYUN08110
254879563,SUGANYU053892
257476800,STODIG
548111100,STTHOMAS OF AQUINAS
574002120,TAN CANG PIONEER
915740019,PHAM TUAN HAI
574567890,QUANG NAM 5
548823000,HUDSON TRADER II
574263000,AN BANG
205746110,GOREE
574187177,VINAFCO 25
257493800,ANNA
574408000,HOANG ANH
412574136,MINFUDINGYU04766
574094895,LONG 94895
367574650,JULIA DOROTHY
257480600,TAMARA
574888057,FISHING
574398529,3 529 C10
574078068,SAO MAI 01
205487310,LA BELLE VIE
548000000,MV TRANS ASIA 9
548752000,ALABAMA BELLE
367574410,PAKALA
574019816,1WW1A
548841000,AURORA ONYX
574094239,PHUONG TAI 92 B5
574001820,ROYAL 88
574777999,ANH NHON HOAI HAI
574091673,A QUAN AIS 1
574861000,MV VTC GLORY
211548400,MS ALTE LIEBE
357477040,PROSPECTOR
257400900,KORSNESJENTA
574339000,THANH HAI 18
574503545,03 UYEN BINH
564548788,16033 73V
574238974,2 68
574001610,GIANG HAI 09
548883000,HANTON TRADER I
574092628,QUANEM62801
548908000,LAKAS
257484700,JENS BERG
548457000,INCA MAIDEN
227548620,L ALAMBIC
246072001,JOHANNA MARIA SCH118
257494500,KARMA
574002870,HAI PHONG 20
574232568,SUN HANG 820
257448000,TRINIDAD
211548260,IMAGINE
457469000,BINTANG
457450000,SIRIMA 1
574277000,TAY SON 1
357448000,HE YUAN
574098405,A21 MI HANG 30
574374000,CSB 9001
548348000,WESTWIND GRACE
548775000,AS OMARIA
254821000,AXURIT
548898000,V JAEGER
574000320,PHUAN36
574012237,AN TRUNG VIET 26
257461000,HAVILA JUPITER
548632200,MV SPAN ASIA 19
354846000,SWIBER CONCORDE
257434000,SIEM EMERALD
457412000,SILVERSTAR
548616000,NISSHIN TRADER
548055100,JETMARK101
574778000,DONG DUONG 09
477548700,SUPER SARAH
574000234,MAI DINH 94712 TS
574176166,HOANG LONG
548313000,MASINOP
245810000,ATHENA
574001220,GIANG HAI 11
548657000,MEDI OSAKA
457403000,MERCURY RUBY
574366000,HOANG TUAN 26
357455000,MSC CANBERRA
574264000,MY VUONG
574115064,CTV1
574012844,OCEAN WIND 8
367548170,KHLOE
227548120,CYRANO
548052500,DANESSA ISOBEL
636091874,METEOR
574387000,BIEN DONG STAR
367574830,BOB FRANCO
548887000,V GREEN HERON
574464000,PEACE SKY
370772000,DOUBLE FANTASY
548804000,MILLION TRADER I
367548090,EAGLE
574000089,DINHQUY
574878749,THANH TU 2016
548881000,NY TRADER 1
574125172,KIEN 4
574087077,PHU QUY 01
254871000,BEAR HUG
574342000,NASICO STAR
412574127,GUO LIANG 518
574091143,VIET 91143 A1 A9
352840000,MAGNOLIA ACE
548624300,MV ASIA PACIFIC
574001790,HOANG ANH 25
565482000,MAERSK SENANG
257479220,MARTIN
574002080,PTSC HAI AN
548234100,ECO ONE
412548300,LIU ANG 666
574753571,MY THUY DUONG
548914000,THORCO LANNER
574496000,RANG DONG 36
574002270,TRUONG HAI STAR 3
205485590,THETIS
574831230,DUONG HOAI
548665000,ESKDEN
574452000,VTC GLOBE
574592000,PHUONG HUNG 09
574498888,SON 4444
574019000,VINH LONG 06
265745530,RESCUE KARIN S
574000139,TRONG KHANG
548773000,SEAEXPRESS
574180316,KHOI HAO
574000750,DAI DUONG SEA
255574981,YU ZHOU XIANG HE6128
574466000,EASTERN STAR
574098949,THANHF10
657432000,AKASSA SUPPORTER
574000270,HAI PHUONG SKY
574097513,TUNG TIEN
548630000,UNIVERSAL GREEN
574521000,MV VINALINES STAR
657417000,HEPHZIBAH
257453500,HOVDA
574488000,PACIFIC GLORIA
246669000,ABIS CARDIFF
548534000,ASIAN DYNASTY
219004928,6OYAGER
257415920,MONHILD
574091133,KHANG TRANG 1
412548787,647041 77V
574001830,ROYAL 89
305742000,MAPLE INGRID
574125147,4 VU 46 C10
574543211,TAUCAQUYETTHANG555
574693058,NHU Y
574931000,LIMCO ACE
574994079,DOAN KET
574012380,MV  HOANG LOC 26
574555557,9 NGUYEN 3HUYEN
548704000,KERRY EXPRESS
538003981,PAN IVY
574999529,TAM DAO 01
265745430,RESCUE F B 2
574927000,GLORY OCEAN
574001270,SUNRISE ORIENT
574663000,DONG HAI O2
574038000,NHA BE 01
355740000,QING XIANG
574995032,MICHAEL JACKSON
413547000,HAI YANG SHI YOU 564
548861000,MANGAN TRADER II
412574124,MINPUYU26699
574000970,ADVANCE OCEAN
574001265,THO 91297 P2
574239279,XIN BA CAU PHU HO
574620000,VINASHIP SEA
574123456,DUNG 187
574666779,KIM TRUC
574011889,ABK
548662000,004BATANGAS
574991980,TKYNSD
548856000,SUNRISE CAMIA
574967000,PTSC HA NOI
574298529,2 529 C10
574918000,DAI DUONG SUNRISE
455743165,ZHE CANG 16688
257402420,ELISABETH
211574750,PUFFIN
574737000,SAO MAI 126
576574000,FONG SEONG 666
450548000,VICTORY
574002770,TAN BINH 59
574100005,TV 4577
574000045,TRAN NGAN28
574398268,3 68 C10
548901000,GION TRADER
357479000,CORAL ACE
257460000,LYNGHOLMEN
574104000,THIEN QUANG 06
548206000,BISONEXPRESS
263574000,INDICO
574976000,NAM PHUONG 02VT
574001640,OCEAN 01
574791786,PHAOBINH58
323574401,ZHE PU YU 323571
574000029,THANH BUT B3
574000310,HOANG HAI 68
574476000,TIGER
574913000,PETROLIMEX 15
257459520,VESTRI
257458800,VICTORIA MAY
548855000,GOLDEN TRADER I
256004552,MELITA 10
305741024,9HD9
574131213,RAPGHE982 TUAN 38B
574793519,QUYET THANG 46
477548500,EMERALD BAISHA
265548410,DJURGARDEN 9
574234470,CHANH TIN CHANH TU
257468000,REM GAMBLER
354815000,PETROBRAS XII
565548000,MARINE KINGSLY
352732000,CALIFORNIA HIGHWAY
413548790,ZHON CHUAN 158
574523400,PHAT TAI LOVE YOU
548800000,TRABAJADOR 1
574000092,CU VIN
548953000,DONG ZE 47
574735115,O A C 02
574198765,N LANH 97
354890000,EISHU
413574924,XIANGHANSHOUGONG0031
574098659,KHANH A21 25
457435834,HQSITESGPONTSVBOMST
574878595,PHAP HUY BLUESTAR
574000430,AN THANG 68
210548000,PACIFIC ORCA
574000027,LANG 27
574002760,HAI PHONG 08
548005500,OCEAN BLESSING
574912882,HUNGA1F40
548740000,LALINDE
574843000,PHUONG HUNG O7
842259916,H3UD1CT3L03L6L3O
257487800,TOMINA
565742000,SERRA THERESA
356589000,DOUBLE FORTUNE
574100003,KY WANG WEI YI 59
354896000,ITAMI
574000640,TRUONG MINH 99
548946000,CIELO DI MIZUSHIMA
548292000,MEERKAT
574012697,HAI PHUONG 169
354845000,CONFIDENCE
257496020,FRAM II
574951000,LUCKY STAR
371355000,RIO UTAMBONI
574191469,91469A1F4O
574131211,SAN94031
512000821,IPIPIRI
574397524,TRAIKH3
574222220,HAIPHONG PILOT STN
574682000,VOSCO UNITY
548049501,FAST CAT M5
574000309,B 30 COG 309
548796000,HALLINDEN
726548217,GAN RONG001
574322000,PETROLIMEX 08
574001430,NASICO SKY
574112016,LONG MINH HAI BUOY 1
574905251,PHUONG905251BUONG
574098000,HOANG TRIEU 27
574098357,THUY TIEN 57
574190370,370 SO2
441574000,NEW SKY
574485000,NAM A 08
574201443,DA NANG 90508
574092729,29TRANDUNG QT
354844000,ELEGANT STAR
548440100,MCC LUZON
574197187,CUU LONG GAS
548536300,MV SOUTHERN CROSS
574000520,PHUC HOANG 28
574097645,TAN TAI 02
574212457,DUNG 98160 LB P1 A25
574092105,TAI 17 F17
574398154,QUOC BAO 1
503574500,MAHAYA
257436720,ULA
574083479,NHOBACAU
574999111,TUONG VI 12K
574100207,HP 3695
574456789,TIEN DAT
205482090,KOGO
574278000,MV LONG VAN
574008000,DAI NAM 09
211548070,MAJAMI
574098332,SANG36D31
245482000,EDAMGRACHT
574998007,THANH SAM 1
273574832,RBT18
574889775,SON HT 775
251548110,DAVID
548333100,ANDREA SC
636015536,CLIA
257417000,BOKN
257428000,FAR SUN
574966776,TIEN DAT
254879658,SUGANYU044781
574012205,NGHIA HAI 02
574012324,THANH THANH DAT 17
574793000,THANH BINH 16
257460720,SVEGRUNN
554880168,NSE47T925M7NL
548023500,MT ATRIA
548798000,FALCON TRADER II
574000025,HIEP HUNG83
929574963,7M 30M 3M 3 07M
574243000,HO TAY 2
574794576,EURO 2016
574401000,PETROLIMEX 14
574057301,NGOC THANH 02
265548260,YVALDA
375574000,PRINCESS CLAUDIA II
574002560,MV VAN MINH 68
257459500,OYASKJAER
757466486,SHANGRAN6
413767369,TAICHANGXINJI 0588
257425411,SHFGIDAD
548451000,SENECA MAIDEN
574068379,DU LJCH BJEN DONG
354856000,MUROU
251548240,TORFI JONS BA138
574595959,NHAT KIM TRAN
565748000,OCEAN LADY
367548260,NICHOLAS JOURNY
574762016,76ANH KIETDOREMON
413552998,HANG TUO 4002
357409000,BOSPHORUS KING
261574318,MN7NA1EJGONSM
574001350,BRAVE
354821000,AM CONSTITUTION
574201512,CUONG DAT 868
574123457,95977 PHAM TU
477548300,MOL BELIEF
574123123,VIENSIEGKIEN
574707172,TRONG VY
574678675,SON HT 75
367548230,LOUISIANA PRIDE
312548000,TRUE FAITH
574685734,THINH 91734 F40 P2
257422420,IRISEIRIN
574001190,NASICO OCEAN
574999888,VIET THAO 3
574063693,TRU 3
574002290,BICH THANH 01
354894000,P48
574159149,VIET GAS
574112113,DONG NAM A VIP
574000830,HAM RONG 08
548303100,PANGLAO ISLAND
574778899,HUYEN THOAI ME
211548430,AMRUMBANK
574949597,NGUYEN KHOI
574001890,VOSCO SUNRISE
574727000,SAOMAI125
574556789,HUYNH THI QUYNH NHU
412548891,548861 71V
548652000,WESTERN SINGAPORE
375483000,NORMAN
257478700,SOLONO
574194888,VIETC1001
257458620,FLORA
440548000,101KUMYANG
574290127,HAU GIANG 02
660574212,4UPUA
574335000,BINH AN
574428000,PVT ATHENA
574398888,SON 3333
245742000,NIEUWE MAZE
254805386,YUNGANG2
574513000,TRUNG NGUYEN 18
574097670,THIEN HUONG 2016
257499700,KATJA
357412698,SA14
574012608,PTSC OFFSHORE 1
574765669,THANH DAT
548907000,WESTERN PANAMA
477622700,HONG FU
574012773,VINACOMIN 07
548916000,EASTERN CONFIDENCE
871574726,HL1CQDK0AG
548712000,TUSCARORA BELLE
574789789,TTVHK77SO1
354820000,POAVOSA BRAVE
574092071,75B34
574808000,PETROLIMEX 06
265745880,ATLE
574100007,SG 1737
574973729,LOI DANH
574097416,NAM
548796258,SUGANYU053913
574444123,TAUCAQUYETTHANG5
574987654,76TRUNGLUOIRUT10119U
574567777,CUONG DAT 496
574997049,ANH NHU
574236000,HUYEN TRANG 02
574948000,TRANSCO SKY
574375009,ANH HAI
548733000,MV GENRICARTE
574002720,TAN CANG 65
574492492,CAU CA GU
574090036,DNA90036
548722000,BILLION TRADER
574657000,HAI NAM 26
574198888,SON 1111
574092082,DAU KHI 105
636016808,ALAED
548667000,SIR WALTER
548851000,GRAN TRADER
542211110,HAO JIN 2
205482000,FAST SUS
205741510,SAKURA
574641210,DOI LA THE
574999000,KY WANG WEI YI 51
574418000,VOSCO STAR
574995530,DUNG NHIN MAY TAUTUI
457476000,SULTAN
574097682,DUY MANH
235480000,CONMAR FJORD
205484390,VAMI
257494700,ASTRID
257429000,TRIANON
574000190,VINACOMIN HANOI
457446000,KELANIS EXPRESS
574002230,THINH CUONG
636092093,INALOTTE
574002180,VIETSUN FORTUNE
548757000,NANTICOKE BELLE
548579000,DANICA JOY 2
353510000,HANG YU 9
367574020,HINZITE
357574000,ARK
574498973,SON CA 4
357489000,AOS POWER
574995707,TRUNG NGUYEN
574777795,VAN SU MAY MAN
574000022,QUANG NHI BD96291TS
574094807,NGO CHONG
574098959,QUI 959TD8959USB
657675000,BOURBON ADELAIDE
574400000,VINAKANSAI 01
574913602,91359A1F40
574390565,GP628
574497409,TRUC QUYNH
548743000,EVITAK
574812014,NHAT QUANG
548000020,DON CARLOS SR2GSSLI
574002540,PHUC KHANH
257419000,HAVILA CHARISMA
574123451,TAN THUAN 1
548863000,NS TRADER I
205481300,DE GERLACHE
574407000,HONG LINH
354881111,354881 77V
574003210,LADY BME
574000980,PV DRILLING V
574235000,HOA NAM
257428700,VILLSAUN
548515000,MT SHOGUN
373574000,AYYILDIZ
574343434,WANGWEIYU 75
548032500,RHO CAS
574548000,DAI NAM 10
574897470,ANH HAI TIN
574998529,TEO DAI TAI
548577300,MARINA KALIKASAN
574888016,FISHING
574123567,ADG
574201022,HONG HA 69
574131000,VINALINES GLOBAL
354877000,ASIAN LEADER
305483988,SOMUIDO
255574986,YU ZHOU XIANG HE6128
574008709,D598709
357442210,LONE RIVAL
574131226,A39
574801000,HOANGPHUO NG 46
548035596,B XXIAIFF8A
574001100,GREAT TRUST DRAGON 2
357422000,GINKGO ARROW
574001940,VSPEXPRESS
224574280,ATLANTSHIP SERVICE 1
257481720,PER ROGER
533002550,BORNEO 2
367548820,ADVENTURESS
574096317,JAPIN
565488000,LADY MELINDA
574756000,BINH MINH 02
574561290,MINH TRUONG A6 08
574995324,HOANG DAO GIA BAO
257421000,RUBIN
574444000,THINH LONG 36 0
574000120,NASICO BLUE
574569368,NGHIA HOANG
574974389,NHOBACAU
574084000,SAIL 36
574096967,LAY THANH
574012592,MV XUYEN A 18
574000789,HIEP TIEN D16
574926069,TRIEU THANH 921
574413000,AN TRUNG 168
574496064,RANGDONG 36
335480002,SIHUMISIK NAULI
574012401,MV HOANG BAO 18
657418000,TUMINI
574001650,CAM RANH 68
257441000,BOW HARMONY
574098487,BE87
657453000,TIM BEGELE
205486890,DN 25
211548130,HADIDA
657498000,OPUTAMUNO 1
548820200,MARIA ERIKA
574000077,PHUONG TAI TIGER B5
265548670,FJORDSKAR
574194157,DEN 57 F15
257403000,SKANDI VEGA
574000159,159 17
574997768,TRAN TRONG
574098948,300NGUY41A1A1
574000050,DONG HAI 36
548684136,131932 80V
574562000,HAITRUONG09ALCI
548299100,SAN AGUSTIN UNO
548909000,IVS AUGUSTA
574100144,LA 06245
574395179,THANHCONG3
574102779,DUY KHOI
455749482,XIANG YUAN 18 HAO
257470920,SOERVEST
548554300,SAN RAFAEL UNO
574825000,MV MEKONG
205481290,CYRANO
253548000,HANSA KIRKENES
574665432,TAM QUANG
215486000,SY CRUSADER
574943000,PV OIL JUPITER
305741000,BERNHARD SCHEPERS
574490000,MT NAUTILUS PIONEER
574094869,TRAN NGOC TAI
367574070,KMARINEII
574113392,KIM LIEN
574697989,THANH TRAM
574229000,VINASHIN STAR
574020202,VIEN 2
211548770,GRENZGANGER
548019500,SPAN ASIA 7
574491000,VAN HUNG
574002810,TRA MY
574012729,TAN CANG A1
574560242,NAM 2 D32 Q N
574162000,PETROPACIFIC 01
574000034,TIN 72 D30
574727272,THANH DANH
548831200,MT CASANDRA
574936000,ROYAL 45
548039500,OCEAN ABUNDANCE
574196139,VINH QUANG
354800000,POWER S
574003070,GREAT PRIDE
257473000,SOLLIFJELL
574163153,PETROLIMEX 04
205741010,HAUTE CLAIRE
574013029,TAN BINH 129
574095471,NHAT DUY
574574485,SUNHANG SH 820 AIS
354872000,CAPRICORN TRADER
574899899,NHO BA BAM BIEN
425747470,SHIMOOKH
354867000,SKY TETHYS
574383000,PETROLIMEX12
205488590,CREDO
574084074,LONG HAI 01
574353509,PHUC
574000080,MP PACIFIC
548543000,WASHINGTON TRADER
574885000,THUY AN O6
574497959,THANH CONG
548788000,FOX MAIDEN
574100164,HP3617
413548524,WANCHIZHOUHUO0858
574000470,MP 17
548809000,ALAHAS
574416000,TRUONG PHAT 01 ALCI
574567898,CHUNG TA LA CHIEN SI
257574040,NADINE
574226000,VIET THANG 168
375748000,BALTIC NIGHT
437574000,A B
574934000,HAI PHONG 45
244790370,ELENA
574298396,KIEN 2
574950702,95069AA1
574444901,89 CHU DU 1
574996217,BINH DINH
548579300,MV MORETA VENTURE
574997408,VAN DUY
265745730,RESCUE HERBERT
548028500,DISCOVERY ADVENTURE
574092756,NGOC D5
548076500,FAST CAT M6
257405120,VALSVAERING
574356000,BIENDONG FREIGHTER
257416420,MORTSUNDVAERING
548795000,FALCON TRADER 1
574101101,TRADOCO 01
574012415,NGOC MINH 27 BIDV
574140244,FISHING
574096772,MINH TUAN
205482490,MERELDAM
357496000,HANJIN ATLANTA
574779999,THINH VUONG
574824000,VINASHIP STAR
867421388,L L6 L33L03L WLH3OL
574091522,BINH 91522 P1
548374100,CAMILLE
574393939,BD 96639 TS
574002060,PRIME SERENE
257444900,SJOTROLL
574012210,LY TIEU LONG
574012402,HOANG BAO 28
457482000,ZAIGHUM
548017500,MEILING 12
574006868,XU BEO 85
574050505,PHU MY 05
257459820,ALMOR
574001290,BINH AN VICTORIA
257548500,VESTSKJAER
574012811,SON DUONG 1504
574056361,HAI 91261 P2 FF40
574454000,BAC LUAN 18
354813000,NYK LYRA
355484000,CLAYTON II
574197326,KH2
574999007,VISAL2
574492000,HOAMGPHUONGSTAR
574669996,SH1234BD 95696 TS
413574402,ZHEXIAGYU402
574358000,BIEN DONG 06
227574030,BINDY
574188000,MEKONGTRANS 01
251574110,ISEY
503548200,LA PERLE NOIRE
367548650,MELISSA K
574732000,BINH DUONG 16
548811000,ASTON TRADER II
457483000,LUCK GROW 899
225488000,AIRES DE FORMENTERA
574000730,DYNAMIC OCEAN 09
574001040,CSB 9003
125487963,JTMJTJ
574424000,THAI BINH 27
574020045,CUMUON98868
574115055,TAI LOI2
425486494,LING SONG YU 6809
574754249,TRONG TIEN 68 TS
574499799,TAM NHU
574996748,HAI KHAI NGOC
548786000,ASIAN JEWEL
574000140,PV OIL CHARLIE
574565656,NINH NHAN
574182172,VINH AN
548417200,MT DOLLY 890
574001060,MV NAM PHAT STAR
574092769,QUYNH NGUYEN
574266000,DONG AN
574012698,HAI PHUONG GLORY
515487000,CALMBRIDGE
211574780,LEMURIA
258574000,FALKVAG
574393979,TRAN THANG TRI
574270000,HOANG ANH 27
574253000,HOA BINH 27
574093717,TRADONG01
574096592,BAO VIN
454817346,GZLDMKWROBQBJDEVTK
305481000,STADT MARBURG
574195467,JET F 27 THANG LONG
257452520,AAREFJORDBAS
236574000,STAR BIRD
574116954,THUYEN VA BIEN 954
574508000,THAIBINH18
354857000,TAI STAR
574534429,HUNG KHANH 10
211574820,NINA
574707070,TIN TU TRUNG
574000378,3T 91378 E26 P1
548769482,LUCHANGYU644671
574196455,TAUCAQUYETTHANG5
574487000,SUN BRIGHT
305743000,CHRISTOPH S
412574488,MINFUDINGYU03103
548040500,MV OCEAN GREATNESS
574961569,KHANH  DUY 156
564574000,KOTA BERANI
564548000,MV ATLANTIC TULUM
257437220,FIKSEN
257574600,EINARSON
574090342,CAO1
574284000,PVT DOLPHIN
257494800,BALDER
574000071,85 E15
574012709,TRUMG THAO 36
265548570,SARA
574012248,VIETTHUAN68
574012353,DONG ANH 06
574442016,VO TOI
574444406,UT SUONG 4
574000947,TUAN HOA 947 B35
574000043,TYTHUY
257414000,EIDSVAAG SIRIUS
574097548,BD97548 DIEU PHU
257444500,BERGLIBUEN
574200000,VINH HOA
574044261,HUU NHAT
574694000,TRUNG DONG 18
211548620,HOLSATIA
574010101,PILOT RANG DONG 1
305745000,BLIKUR
574000160,VINALINES FREEDOM
257453000,STAVANGER BAY
548940000,HAMBURG WAY
574095364,MINH MAN
565597000,LANPAN 23
564334000,PRAISE
574888029,FISHING
574652249,NGO VAN NAM 96397
574361000,THANHHUYEN07
211574680,SY MURADA
574997378,CAU CA
355680000,CENA FAITH
548049500,FAST CAT M2
574001001,ME LINH
574058993,SUYUANXINHUO0999
548821000,SEPANG EXPRESS
574996622,TRUONG SINH 22
574911162,91115A1F40
257414900,KARL SENIOR
574012424,HOANG VIET
574012854,TRUONG MINH DRAGON
457431000,CHON WON 65
548842000,YANG A
574012678,HOANG HA STAR
245479000,KINGFISHER
548813200,MV SPAN ASIA 1
574999998,GLTRUONGSA OI
574013412,VIETREN TH07
205742200,SPARKLE
548941000,WONDERFUL GRACE
548897000,HANTON TRADER III
503302800,MASTEKA 2
574879000,LAM HONG 26
900548452,BAOHONG
574190494,P1NHUT90494C25
354848000,NYK ADONIS
357417000,WONDERFUL SW
231808000,SVITZER TRYM
998548048,ZHEXIANGYU48048
574910000,RANG DONG 28
574004337,DANGB29
574996699,KIM HEN
205485990,GRACE DE DIEU 1
574000850,NAM CUONG 8888
257496800,SJAAVIKNES
574996878,LINH HIEU 78
354833000,SEA SPIRIT II
533001950,ASB MUTIARA 5
354830000,SEA HOPE
574012632,HB09
574012266,QUANG DINH 36ALCI
574397779,48 MMPT PLDTS
257416000,HELLODDEN
354842000,CARNIVAL BREEZE
574678779,HOANG GIA
257492000,KV BERGEN
265745410,RESCUE HUGO TIBERG
548836000,AURORA PEARL
257411000,OLYMPIC HERA
574472000,LIMCO ASIA
574201000,HAI LINH 08
574071061,SAPA
200574907,ZHEPUYU200577
205740100,BLABLA
574212000,MEKONG 04
574460000,GOLDEN FALCON
574545454,BICH DAN
574001620,VP ASPHALT 1
574747779,MINH KHANG
574000710,VU GIA 15
574465000,HAI PHONG 16
574193454,TRADONG03
574091170,VIET NAM 91170
548274100,GENERAL ROMULO
574255000,SAR 411
574191636,PHAO02
574001880,OCEANUS 9
574003140,AULAC FORTUNE
235740000,MFV KINGS CROSS
574343468,CHIENTHANG
533929013,MRITIME TUNTIGA
574101418,DUY LINH 36
227574740,SHAMI SOLO SAILOR
533040700,MV TANJUNG DAHAN 1
574198487,BE8701
224548000,GALICIA
574040027,FISHINGQNG94383
412054790,NAN HAI JIU 113
574125134,PHAO1 6 TAM
257420320,GULLFISK
357463000,CHANG HE
121548806,ERASMUS
574012273,PHUONG DONG 18
574013334,DAI PHUC 18
548062500,TAIKO
574092787,CA778C6C9
574115068,PHANTHUQN95997TS5
574993368,DINHMUOI368
574680000,TAMHUNG
574100197,SG5307
351548000,SHINE HO
574001580,TRUNG DUNG 09
305749000,BBC NAGASAKI
574239000,THUANPHUOC
351574000,AOSHONOUR
574045035,MINHDUC09 CSIGN XVMZ
413574960,XIANGHANSHOUGONG0031
574678899,TRUNG KIEN
457481000,TB 30
574920000,QUANG MINH 6
574191729,91260P2F40
574001210,NOSCO TRADER
375489000,YORK
574987671,HIEU
300574302,PINGAN3651
254800000,M0NEIKOS
574012469,SON THINH 19
413302350,HUI FENG YOU 8
574000367,QNG94576
548728000,CALMY CORAL
477334197,NEECAPA LIGHT
574003020,TAN BINH 139
574610000,TRUONG XUAN 06ALCI
525015391,PULAU HOKI
574198767,HIEU 1
574996414,THANH TAM THANH Y
574298973,SON CA 2
574201003,HONG HA 69
574194999,VU1
548679252,LUCHANGYU42575
257475120,AUNSKJAER
574091537,TAM 91937 PHAO1 F40
574318000,AU CO 1
367548020,CHINOOK
574797000,MV XUAN HOA 68
548305000,MV BADGER II
574012843,LARGO
574403000,NOSCO VICTORY
574643000,DAI NAM 15
574118118,KHANH 119A
574223451,NGOC DU 1
257464000,SKS DELTA
375487000,MUTAWA 105
265485000,MIFTAH
574097326,KH1
574128000,NOSCO GLORY
574097003,MINH HUY
574380000,VIEN DONG 5
548126350,ZHE CANG YU 01818
413574952,XIANGHANSHOUGONG0031
413325045,N9NACOASTGUARD1115
257424820,EKVATOR
574063692,TRU 2
574911522,91151A1F40
357402000,UNI RICH
375799000,KURMUK
574996083,DAILOI BINHAN
574436876,NGOC HA
574000033,DUY PHAN 97299
505749074,ADPADPADPADPADP7
574012807,SON DUONG 1501
257470500,FROEYBANKEN
457456000,VICTORY2
548718000,SEBAT
574000020,LE CHI CUONG
205484790,DEN DUVEL
574000006,LHY 5746
574001630,VNL RUBY
205483000,UNION GRIZZLY
357431000,BALSA 82
574898989,DAI PHAT 04
367548420,KESTREL
574623474,MARITECH
574994419,NGUYEN KHANH
503574600,AVANTI
529548000,STARATEL
574012454,PHUONG HUNG 25
357446000,ELLY
574927572,NGOCD5
574567899,CUONG DAT 355
235060325,NX WYONG
548812200,WHITE CATTLEYA 09
985748002,P8002
574235678,TUAN HUNG 16
574097674,NHO BA CHO 74
367574350,SANDOS
251548340,MARGRET
211574550,WOMBAT
574100108,SG 6308
257496000,HOEGH SEOUL
367574720,KJ LEBOEUF
574115000,MINH TUAN 28
574000629,VIN VON 29
574006459,MD 59
574615500,GIA BAO
455743109,ZHE CANG 16688
354807000,SPRING AEOLIAN
574080808,HUYEN THOAI ME
257440600,NYBAKK SENIOR
574298666,2 GIAP C10
367574050,TOBIE EYMARD
574048700,BON NGHUY700
574190019,TUAN19
357410144,LE JADE
367574540,LOW LAND 2O
257408600,SMAASUND
574091509,KHAM
574000014,KUU TUNG 59
548865000,CANON TRADER II
257452900,VASSANA
257424000,STAR ISTIND
477548600,PACIFIC VALOR
354875000,HARMONY RISE
257479420,RANDOYJENTA
574190190,JJDG009
574987672,HIEU
574012755,HP 3899
548471100,LORCON GENERAL SANTO
249548000,CLIPPER BOURGOGNE
574097173,QUOC VIET
657452000,MELODY
574123467,BIEN KHOI
211548050,KATIMA
205483390,PICARDIE
255574979,YU ZHOU XIANG HE6128
574124689,QUOC VIET
574070809,DU LICH 5 SAO
574012461,PHU LOC 27
574140243,3 THACH A 29
574022222,B34 7576
554805026,AG G 6
477595900,HONG YU
574995255,TRUONG SANH 55
565744000,FELLOWSHIP
574002960,PHUC HUNG
574091854,QUOC TOAN2
574888025,FISHING
227548850,THETYS
574001380,OCEAN QUEEN
574964000,TRUNG DUC 36
413548945,SU SHU HUO 0537
574421121,THANH HUONG
367548360,PACIFIC PACER
574970000,TRUNGHIEU17
574001550,FALCON 06
548864000,CANON TRADER I
574479000,VINASHIN INCO 09
245744000,VLI7 EBEN HAEZER
574483000,VINALINES SKY
257495600,JULIE
265745490,RESCUE BOHUSSE
548799000,BOW HECTOR
574919000,PTSC SAIGON
574993000,DUY THAI 27
356574000,MARIA K
548847000,RT STAR
574367000,KHANHVIET
355369000,FLAG ALEXANDROS
256574000,SUNDENE
915740023,PHUNGDAICAN
357400000,GLOBE EXPLORER
548390100,LORCON DUMAGUETE
257498000,FAR SYGNA
412574143,ZHETAIYUYUN88222
205489490,SERENA
548922000,WESTERN MIAMI
205744400,JUSTYNA
574456708,TUAN NGOC 6708
574002910,PVTHN
354840000,HANJIN HAMBURG
457402000,PHU MY 06
574001420,PRIME SUN
548026500,VIGILANT
548058200,SL BUTANDING
574497000,QUANG MINH 9
574655688,ZHERUIYU12215
211548460,CONSTELLATION 1
574123138,BAC 91138 PHAO2 E26
574091589,HAI 89 F2
548016500,MEILING 11
574120003,LY HIEP B1
574091379,THANHTANH
574999530,CUU LONG
574737399,PHAP HUY BLUESTAR
574443000,VAN LY
574567892,LAY TROI 2
574000046,SH 97853
548932000,WESTERN MONACO
403574000,AL JABIRAH
224548064,GALICIA
574997710,TIMNGBIANRLKH
574720000,MV TRUONG HUNG 18
367548460,MEGAN MCB
548713000,ROCKAWAY BELLE
354841000,CABO PILAR
574654321,DUNG 02
354859000,PUNTA DIAMANTE
374574000,ESRA C
548888000,V GANNET
574104057,DONG PHONG 86
548487100,DISCOVERY 102
265548900,KBV 409
548392000,SHORTHORN EXPRESS
548465000,MV ASIA BRIDGE
265741440,AXELIA
574000007,LHY 5747 75V
574000480,OMNI EMERY
574012354,MVANPHAT09
205487290,KAYAK VII
227548390,AQUARIUS SOLO SAILOR
574012292,TRUNG HUNG 09
265548870,SOLOLA
205483190,REX
355760000,DRACO FAITH
457425000,ZUHAL
548767000,AS OLIVIA
548521000,FOXHOUND
354880006,LHY 354886
574516000,CUONG DAT 26
574222239,BAO TRAN002
548464100,GENERAL EVANGELISTA
574081508,FISHG01
574930000,TAN BINH 89
257471500,FF HELMER HANSSEN
574002170,DAI TAY DUONG 25
574222111,BONGHONGEMOI117
548943000,NORTHERN CONFIDENCE
548693000,MURRAY EXPRESS
357453000,WHALE SHARK
215482000,MT GODAVARI SPIRIT
574000322,QN322
574097479,KIMCHI
574190490,PHAO1SON90C25
574000019,C 35
367574140,EXCELLENCE
548675248,CS MARINE
548326000,DEVON EXPRESS
574000631,A90063
412574121,MINFUDINGYU04558
574327000,HAI PHUONG ASIA
574000009,LHY 5749
548000012,JOYFUL STARS
574012339,HOANG PHUC DAT 08
257446500,INGVARDSON
257483000,NORSHORE ATLANTIC
574012636,HOANG LINH 36
323574306,ZHEPUYU323576
503548700,CALM
255574990,YU ZHOU XIANG HE6128
574004567,THU THUY
354850009,LHY 3548509
548719000,SUN ROAD
548604200,MV SPAN ASIA 16
548541300,FORTUNE LEGACY
954896467,GUANG TONG 6306
574000068,PHUOC DUC
574000195,TIEN 99 A2 F40
574130233,QNG94301
574000511,CUONG
574258000,OCEAN STAR
574734000,QUANG ANH 36
413574117,ZHEXIANGYU00117
308574000,HILDEGAARD
574202000,TIEN YEN
257454700,VAAGSOY
574285000,HOANG PHUONG 126ALCI
422001200,AMIN1
574777917,HONG LOAN
548895000,DOLORES 858
457420000,ASIA COURAGE
574100189,THIEN LONG 22
354831000,HELT
548945000,KALAPATI
257478020,KLEPPABAS
367574310,SOLO
574000580,VINALINES SUNRISE
548466000,HARPOON
257450620,MAAKEN
211548450,GUNTER DEYMANN
548918000,TRUSTN TRADER 1
309548000,CLIPPER TRINIDAD
574398973,SON CA 3
574002027,NOI27
982574920,TT BERGEN
574090487,TUNG TIEN
411601424,JINYOU 5
548438100,FILIPINAS ILIGAN
548850000,GT STAR
574999333,ISUZU
574280391,VIEC NAM
574002280,TRUONG MINH GLORY
574389000,BIENNAM16
574003230,HAI LINH 03
257489500,BJARNE NILSEN
574081507,QUAN 03
548539000,EASTERN ENDEAVOR
548043100,MV GENERAL MALVAR
548930000,HANTON TRADER VI
574000110,TU CUONG 27
574499000,DAI MINH
574271200,NGAN LONG
574996909,09 TS TRIEU MY
548849000,HIMALA
657467000,DROSELINE
548486100,OCEAN NOBILITY
227548340,LESSBETON 4
548126364,ZHE CANG 02108
257465800,SUNNIVA
548745000,EASTERN SKY
574201091,DAU KHI 104
574293949,DUC THIEN 49
257441220,FLYFISK
355784000,NORD IMABARI
548889000,V AVOCET
419000117,DOLPHIN2
574002880,LONGHUNG 2
574888021,FISHING
412574122,ZHEYUYUYUN10066
319574000,IL VAGABONDO
305740000,INDUSTRIAL FORCE
574775775,TJNALJ
574198362,62VUONGTD8036
574001400,THANH CONG 02
475741414,HON YUNN   IH  H  DA
255574989,YU ZHOU XIANG HE6128
574498000,NEPTUNE STAR
574097432,NGHIA 97432 BD
257420820,SORBAS
548787653,H6NCLLC OHI
574001560,NASOS II
574901000,PV DRILLING II
413574919,XIANGHANSHOUGONG0031
205481000,BELLE L ADRIATIQUE
574828000,VUNG TAU 03
412574348,MINFUDINGYU04348
257428820,NIGARDSOEY
548674000,MILLION TRADER
319001400,AQUAVITA
574660077,TIEN DAT
265745570,RESCUE ROLF G
574129000,HAI PHUONG OCEAN
265548360,DUNKER
354876000,MOL TYNE
548862000,MANGAN TRADER III
574661000,THANH PHONG 27
548626200,MTMATAPAT
574052042,HA TAY
354864000,ENCORE
412763450,ZHOUTONG8
548009500,MEI LING 8
574190679,HOANG01
574495000,VIET HAI STAR
574777666,KY WANG WEI YI 04
574007000,TRANSCO STAR
412574150,ZHEPUYU02708
565486000,PACIFIC LEGEND
412574140,GUIBEIYU39688
574615000,GIANG CHAU 08
657412000,UGONWAAFOR
574998899,BA THIEN PHU
982574921,TT BERGEN MOB2
982574715,ISFLAK
574531000,THUAN PHAT 16
548398100,ST LEO THE GREAT
449574266,DURLRRIQSIVOJVQBOOL
257427920,TINE MERETHE
574108216,NGOC SON
574298797,HOSN AIS TEST SHIP
205588000,CONGO RIVER
477581477,NGUOJI
574095227,A6 C7 TCANH ATU
538006713,RICSEA
457408000,HUA XIA 2
574230000,MY HUNG
574000013,91013 NGOC P2 F40
574949596,TR NG KH
357465000,ROYAL CHIBA
574128998,THANH DAT
574003561,HAI A1 F40 91261
574198818,HOSN WANG WEI YI
574949449,QUOC ANH KIET
548010002,LCTOCEAN DRAGON2
574020011,FISHING B4
574192999,DAT632
412574000,BAO WANG
354880003,354883 74V
565485000,MAERSK SEMAKAU
574223453,NGOC DU 3
574238000,HOA LU
574012699,QUI NHON
413592000,TONG MAO 7
205489016,CRISTOBAL COLON
574802208,TRONG KHANG F27
574554549,TAI LOC 3
574100173,HP3609
574012531,HAI NAM 66
574999647,BAC SON 136
574092725,MAU 25 LUOI NOI
574705449,PETRO EXPRESS 02
574000058,52 71 01
259548000,BULLDOG
257456900,BOGOY
664574000,PS CONSTANT
548726000,SUN ROUND
200574909,ZHEPUYU200579
574316000,AN PHU 36
305741044,O4HN
574294666,2 VU 46 C10
357484000,LUXURY SW
548857000,GOLDEN TRADER II
548831000,DISCOVERY 101
574000030,THANH VU
574001390,FS LUCKY
574999503,HOANG SA
574405000,SHIPMARIN VICTORY
533000861,SEMUA MUHIBBAH
574012537,HOANG THINH 17
548902000,V FULMAR
457451230,FUXW133
574001030,DYNAMIC OCEAN 18
548754200,SOLID STAR
354878000,OMER DADAYLI
357452000,SUNYIELD
211548680,CALYPSO
477548800,GOLDEN ACE
574001850,VIETSUN PACIFIC
366574000,CORNHUSKER STATE
574347000,LAN HA
325488000,SPUTNIK
574496539,QUYNHANH
257461500,NYBRENA
574000930,VIET TRUNG 45
235548000,LADY FELICITY
574020025,A3OVYQNG98938LUOINOI
574979000,SEA STAR
355487000,GUPCO I
574012441,THAITHUY 88
574426000,THAI SON 18
265745420,RESCUE F B 1
515747000,SHENG HAI
248624000,BARACUDA VALLETTA
574012581,GIA BAO 368
355481000,NORD VENUS
574686009,SONG HUONG 03
574123099,TIEN 99 A1 F40
413574758,HAIXUN08526
574459000,TAYDO STAR
257475500,EMMA
657459000,OSAYAME
257548000,LANGENES
574481000,DONG DUONG 36
548603300,DON ALBERTO SRGSSLI
405487228,FQXFNSIFAGKNRSVCGSQ
367548560,TILLIE
574063053,AN BANG
257457620,SILJE MARIE
245748000,GO23 CORNELIS JANNET
574444444,MINH NHAN
574001730,THAI BINH 039
574671000,VIET THUAN 18
574306306,DUC DUYHUYEN TRAN
636015390,CHARIKLIA JUNIOR
574060050,VAN DON
548025500,SOLID MARINE
574002040,VIET STAR
574000410,TRUONG NGUYEN 36
574076066,HAI SON
413548445,DIAO YU 009 CHUANG
548460100,VIRGINIA KALIKASAN
565484000,MAJESTIC SKY
245488000,DEO GLORIA
354839000,HAMMERSMITH BRIDGE
574560244,LUOI SU D35 A29
574000690,NASICO EAGLE
548859000,BERGEN TRADER II
574103139,THANH LUAN 08
574888017,VUNGTAU SHIP
548037500,ASCCINDY
574646464,THUY HAN
574002006,VUNGTAU 2006
356930037,M2ITIME SETOSHIO
685487540,WAN MA HUO 2556
574336699,THANH TAM
565746000,JS COLUMBIA
574336000,HOA BINH 36
305548000,VENTO DI MELTEMI
548612000,MEDI KOBE
574095789,NHU KHAI YEN NGOC
416574602,LSXFHHXTAKARBRGEWSME
574150000,FAR EAST
574119109,SAOMAI 03
227548420,LEON
574007778,LAI EM
574212549,THANH LOI DANH 72
574223344,HAI NINH
254875894,SUGANYU055551
574059500,59 LONG
548041500,OCEAN WISDOM
574888999,BINH DINH
470574000,ANNA
548015500,MEILING 10
574001700,DUC PHAT 68
548929000,HANTON TRADER V
574534000,VAN PHONG 1
257445500,TOPAS
574002250,KN781
357474000,AK HAMBURG
574453000,VINALINES PIONEER
574001750,AULAC DIAMOND
574891000,CON DAO 10
574002790,TAN BINH 134
265745710,RESCUE SJOMANNASALLS
574165233,THANH07 PHAO2 F40
211574000,NORDIC
548769000,SOUTHERN STAR
256548000,DONNA DEL MARE
574292929,HUU LOI
574961169,L L
574121314,XIN
574111101,LUOIVIET01
235485000,HAPPY FALCON
413574000,YOU YA
574140239,FISHING
574000100,DONG BA
257467220,SOLOEY
574191140,TUAN 91140
574375000,DMC VENUS
548112100,MIS 2
457422000,PT PROGRESS
574002110,PHUONG DONG 568
574012521,THUAN PHAT 09
565747000,MAERSK ALFIRK
367574560,GABEA
574012182,THANH CHUONG 05
574000508,ANH TUAN
574126927,HOA HAU
574000560,PTSC THANG LONG
574000790,HOA BINH 45
257476700,HAVBLIKK
367574030,STRESS RELEASE
305748000,BBC INDIANA
574097409,TRUC MAI
574410000,FORTUNE FREIGHTER
574567000,HOA SEN
574100195,LA05584
574013799,VAN LUYEN 65
548247100,DOLLY 152
413532000,QIN FENG 180
574001990,MVVINACOMIN 05
548582300,MV TRANSASIA 10
574447000,PETROLIMEX 09
574093368,DJNHMUOJ368
574954000,MV VIET HUY 09
574092016,NHAT BAN F1 LUI
574004477,KY WANG WEI YI 99
457416053,CTTA 7
334548000,AMORY
353548000,CHEMBULK LINDY ALICE
548763000,PETRO ANICA
574000860,HOANG CUONG 18
574191763,91763A1F40
574477000,DONG THIEN PHU STAR
574351000,NGOC SON
574946000,HAI PHUONG SEA
574624000,TAY SON 3
254802000,PATRIOT
574194518,LOC 1
255740000,MONTE TOLEDO
574012417,HAI TRUONG 36 ALCI
574198973,SON CA 1
548029500,BRP RAMON ALCARAZ
367548680,ARCTIC TERN
341574000,VOLGOBALT 214
356146997,NY DEN CREST
574666000,HUE 18
574777768,HUNG THINH
574439761,XINH DEP
574702000,MV COMATCE STAR
574835325,HOSN WANG WEI YI
211548640,VERA
574191919,VUON KHOI BAM BIEN
412574126,DINGLIONG111
574125159,63 DAT1
548633679,WINEDOWN
574012557,CAT TUONG 07ALCI
548060200,SL NARRA
574475000,VINALINES GLORY
257429500,BIFROST
574283000,VTC LIGHT
574741000,SAR 272
574386000,VISSAI VCT 05
574888019,VUNGTAU 20122
574113113,BD 113113TS
257458000,SIEM PILOT
257408500,MYREFISK
574094709,LANH0901A
354891000,NYK NEBULA
548890000,V SANDERLING
477614700,EASTERN SAPPHIRE
265548630,SWEA
257422000,KVERNSUND
548830000,KAISA
419548000,BLOSSOM
412574151,SHENGXIN2HAO
574291379,KU PO 59
357432000,APOLLO KITA
574013442,LP HAMONY
257432500,SANDVAER
574996029,HOANG TRUONG SA 29
257473920,EVA SOFIE
354828000,NORD IMAGINATION
457454000,TAN BINH 34
257488920,HELLVAERING
574990000,VINACOMIN01
205748710,ALPHA TANGO
574397162,HAI JANH 1JU RUT GU
255574996,YU ZHOU XIANG HE6128
548866666,548866 76V
657428000,MT LOULOU
574012792,TAN CANG
574991000,NEW OCEAN 27
265574090,SY DAFFODIL
300574301,ZHEPUYU300571
257440500,REMO
255574978,YU ZHOU XIANG HE6128
548435000,KICKAPOO BELLE
574000780,MARITIME 01
211548820,CALIDRIS
548422100,STIGNATIUS LOYOLA
574305000,HADUCO 01
574181000,THUAN MY
574012675,PTSC 04
548061100,BRP PAMPANGA
265548150,FLYING PENGUIN
574094661,LINH D17
574520287,NGOC THANG
357410000,LEGEND
457458000,XIN FENG
357445000,NAINAWA
412574123,MINFUDINGYU04555
574097349,VIET NAM
457400000,NADIAH
574364000,TRUONG XUAN 18
548573200,ST IGNATIUS LOYOLA
574082016,HAI 53D36
574184174,TC FRIENDSHIP
574000390,HA TRUNG 98
548264000,CHIPHOP
205482590,COWA
574000960,MV HAI HA 58
574001360,SMIT ESACO 05
355485000,SIDER LIU
548566000,CS VEGA
477959600,WELHERO
574002670,OCEANUS 08
915740022,PHAM XUAN THANH
257462500,SVENOER          B
574020004,BD96962 TS H0AN NHI
574001440,TRUONG MINH SUN
574211000,INLACO
574739000,HOANG GIA 08
548415000,FAREAST EXPRESS
257483220,ARIEL
657433000,MT SI
205481610,CARATI
574012351,PHU LONG 06
574001070,PHUTAI18
574081514,FISHING BUOY
657493000,LADY MARY S
574286000,FS GLORY
574340000,AQUAMARINE
245746000,TIDEWAY ROLLINGSTONE
375548000,DARINA
574332000,PHUONG NAM STAR
376574000,SKAZKA
257410600,FISKEBOEN
574777797,VIET NAM 1
205489090,FLAUMANDRUM
412574139,MINFUDINGYU04519
574000386,XJN BA PU HO 386
265548820,YRA III
574294000,TAY SON 2
574912682,91267A2F40
574956950,59 LONG
548323200,JOAN OF ARC
335486002,ARIANA
548764000,CHUETSU SPIRIT
574256000,VIEN DONG 3
548754000,KINATSI
574001120,TIEN THANH 26
574906000,MV PHUC HOANG 25
574963302,THIENPHUC01
325742000,SUNNY A
574372000,HOANG HAI 88 ALCI
574123453,TAN THUAN 3
574045599,95613ANHDUC
548755000,BILLION TRADER II
564721000,MERMAID VISION
354850010,LHY 3548510
574888067,DINH NHU SUA
257476000,HERMINIA
574445000,SEA DREAM
574000760,DYNAMIC OCEAN 01
257486020,ASPHOLM
574747297,PHAO91297THO
574274000,VTC TIGER
205747110,AMANZI
574003300,DMC JUPITER
574001050,LONG PHU 18
257488220,VAAGHOLM
548126500,TUBBATAHA
257409000,FINNSTRAUM
574960000,HAINAMSTAR
574012847,SON DUONG 1242
574041000,THINH CUONG VICTORY
574006000,VTC SUN
548915000,WESTERN BALTIC
574000230,HAI LONG  26
357462000,MED GREEN
574002210,MT HAI LINH 02
574456799,T L 33
357425000,GRAN ELPIS
574001320,INLACO EXPRESS
574002530,HAIAN SONG
574000060,PHAT DAT 09
574134000,MORNING VISHIP
533170153,MVLENA
257452700,MS SOLVIK
574999903,QUYNH MY 03 TS
574002900,HAI NAM 39
574097878,BAO ANH
574090679,MINHHOANG02
574217000,HAI AN
574098478,QUANG
548223000,WORLD SWAN
548277100,PNOC EMILIO JACINTO
574950000,VTB ACE
574294679,LUOI RUTTD7679LSB
574645000,THUAN PHAT 08
548934000,BIRDIE TRADER
354822000,WESTERN HAKATA
373667000,UNITED BREEZE
574000820,TRAN DAI NGHIA
574444437,TRUONG THANH TT2TQB
574001690,SUNRISE 689
574434301,CANO CN01
574005000,VINALINES UNITY
574996066,ANHKIET
574001003,VAN XUAN
574001080,ROYAL 16
257435020,KVALOEY
574000770,HONG LINH 08
257422500,EIDEM SENIOR
574480000,PACIFIC EXPRESS
636017533,YANGZE 10
413574939,XIANGHANSHOUGONG0031
574896000,SONG CHAU 1
574450000,HOANG TUAN 28 ALCI
409574807,WAN CHIZHOU HUO 1989
205480000,LA BELLE DE CADIX
574277200,HIEP TIEN D16 27CA
574012157,HAI TRUONG 18 ALCI
574997290,NGUYEN KHANH
548747000,AS OPHELIA
574000420,TRUONG NGUYEN 18
548050500,ANIKA MICHELLE
412574489,MINFUDINGYU04316
574131220,NG0C THIEN
574666999,QUYNH NHU
574000680,THAI BINH BAY
548835000,DAGAT
205486490,DN 24
205489000,MARSCHENLAND
574947000,THANH CONG 36
574325345,3NGHIA 4QUAN
574000008,LHY 5748 77V
257441520,OEYASUND
574319000,APOLLO PACIFIC
357426000,B GAS MAUD
357428000,LEWEK CONSTELLATION
574096111,BASO1
574902792,DNA2792
574009115,91151 P3
412574177,42763 78V
548061500,LORCON BACOLOD
548876000,WESTERN SANTOS
251574240,BOBBY 15 IS 375
574506796,I LOVE YOU
412548864,548865 79V
654820806,2J40KRZB3N4
548293100,MACTAN ISLAND
754882878,T MARK600091
574456090,TAU HT 90
355768000,MORNING CARA
574549000,TRUONG HAI
257441320,BENEDICTE
257436500,KIM ROGER
257482720,SKIPSON
211548830,ASTRID QUANDT
357482000,NOSHIRO III
574111111,KY WANG WEI YI 01
574923008,THIEN DINH
548086500,CHELSEA DENISE II
574414429,3NGHIA 4QUAN
574058048,SONG NGAN
257426000,EK SKY
574002830,AULAC VISION
574000500,ABYSS
574003060,CSB8005
574000974,NHU Y
205482190,NORDICA
574556677,LUOI XU
574605000,HUNG LONG 36
357449000,NINGBO DAWN
574012516,HAI DAT 27
375744997,BSLE PRINCESS
574096859,ANH DUC 57
574115039,FISHING BUOY
211574500,HABIB SANNA
574323000,MINH TUAN 27
548926000,KAPETAN TRADER II
574493000,VTC DRAGON
457409000,HUA XIA 3
357454000,DS VECTOR
601548000,OCEANA RUBY
477961800,YANGZE NAVIGATION
574355000,HA TRUNG 27
574272829,CHUTICH HO CHIMINH1
574455000,VIET PHUC 07
565485992,XIANGDONGYU111
548928000,WESTERN PARIS
211493380,UTHLANDE
257448500,VAARHEIM
574099111,RAP GHE D 38 111
574506000,VANTRANG18
548705000,SIBONEY BELLE
574000899,DUONG 899
574094884,LOC LUOI RUT 8284USB
548803000,MT WILDEBEEST
574512000,IMEXTRANS16
574000460,SONLOC 09
357461000,EAGLE WIND
574562348,43 F40
574461000,AN BIEN 89ALCI
257483620,GULLSKJER JUNIOR
273332320,GRIFON7
574094424,TOANLUOI XU
457416000,A SON 2
477548400,HUAYANG ROSE
354827000,EVIACEMENT III
205748910,TRIMEN
548584300,SUPER SHUTTLE RORO11
354881000,BENITAMOU
574012809,SON DUONG 1503
574916000,XUAN HIEU GROUP 19
574094999,VU2
357405000,MSC POH LIN
574760000,THANH THANH DAT 08
574996540,XUAN TONG
574123789,THANH 789 E26
211574300,FLIPPER
227574020,TIBIDY
574013372,DUC KHANH 09
574333999,NHO BA
574996868,QUY KIM 02
548018500,MEILING 15
574999957,THANH TUNG
574207000,PEACE STAR
574012609,THANH LIEM 08
412574188,03456 78V
355746000,MSC LARA
354810000,CHINA STEEL VISION
574500000,SAR 274
574029029,KU PEN 29
574717584,VAN SU
574766666,CUONG DAT 328
357443000,ORE AMAZONAS
265548980,KBV 493
574100158,HP 3795
574002370,HAI DUONG 01
574888748,BD97160
574018008,MORNING STAR
574124000,TRAI THIEN 08
548903000,ANNELISA
249594981,NHEM PACE
574191138,BAC91138 PHAO1 E26
371903029,N6N CHENG 1
257447020,NOGVAGUTT
354817000,SUN MERMAID
355480000,MAERSK WALVIS BAY
574066666,TRUNG VIEC
574125133,3 VU 46 C10
257481600,BREIVIKVERING
574905000,HOANG BAO 88
548886000,V ARCTIC TERN
548827000,BAYANI
548115500,GREGORIO VELASQUEZ
574444903,389 CHU DU
574997409,3 LANH
548860000,MANGAN TRADER I
354889000,THEARESTON
574444568,VLP568
412548000,ZS PILOT BOAT 22
412574148,MINFUDINGYUYUN0597
246574000,HUSKY
574999948,MAO48
574063691,TRU 1 C10
574326000,HO TAY 8
548858000,BERGEN TRADER I
574098839,QN 98839
211574480,P310056
574003939,QUOC TOAN
574125189,MINH CHIEN A24
413548944,SU SHU HUO 0553
574098129,LUOINOI29
574385699,HAI XIU 44
413361790,ZHONG CHENG 99
413045029,N7NGGUO HAIJING1127
574909000,MINH TRUONG 08
574092671,PHAP
574100174,HB CUU LONG
574923000,THANH HAI 09
574996545,PHUONG VA PHAT
257405320,ALF SIGMUND
219574000,PUMA
257438220,INGE
154897458,SUGANYU044293
574054044,TRANSCO SUN
548126366,ZHE CANG YU 01818
574888015,SERVICE 07
574012332,THANH THANH DAT 18
574557484,LETZE KRJ23FVHTY
205482390,MAC 6
548538200,SAMAL ISLAND
574100000,SG 0591
565481000,TURQUOISE
574000574,UT CHJ
574100009,SG 5240
574001530,THAI BINH 35
574086076,BEN DINH 01
525019415,MVLAGOAMAS
574036026,APRO 01
244810401,DMS STORK
548134500,BRP ANDRES BONIFACIO
574094390,NHIEU 91
574001840,HUNG DAO
657416000,MV OUK
574001860,XUAN HIEU GROUP 76
574479499,KOMATSU97393
574001280,HAI AN 16
355489000,AURORA BULKER
257458500,AARVIKSAND
574100775,SON 91775 PHAO2 E26
548933000,GENERAL MARIX
574012479,TRUONG DUNG 01
574000745,LONG 789 F40 A2
574582000,ROYALFORTUNE
265574250,ELLEN
211548560,WILD THING 3
896574231,23K
574001000,GOLDEN STAR
412574190,ZHELINGYU11188
574123683,3 68
574090079,HUY KHANG
574596979,MY LOAN
305488000,UOS COLUMBIA
254822000,TE ARA
574100194,LA 06163
257441420,MATHILDE
265548370,LOVA ARCONA 400
574269000,ATLANTIC OCEAN
548090500,ASC MIGHTY
574019019,GIA UY
354869000,CRYSTAL BAY
574999990,HAI YEN E37
352548000,RYUJIN
574000260,HOANG ANH 09
257451820,CARINA
574393000,NAM VIET 08
215485000,CMA CGM ATTILA
574666789,OANHTANTRANG
574222222,LE TAN 2
574198268,1 68 C10
574246898,K T C T
574002890,THANH VAN 16
574002000,MT VINALINES GALAXY
354868000,LEFKES
231548965,SUGANYU044366
574223355,PHAT TAI LOVE YOU
574000086,DUYEN HANH
574431000,PHU HUNG 06
574094831,THIET 31
574002700,VMU SHIRAI
574388000,DAI LUC 07
354855000,NORD DISCOVERY
574436000,THANH THANH DAT 45
574066169,TA 47
574008238,KY WANG WEI YI 58
574538000,NASHICO 06
574634000,VINASHIP GOLD
257482600,STORTAREN
548592200,PROCYON
257491000,NORTH PURPOSE
574294888,VIET 2
257402000,MV STOVE TRADER
574094465,VAN SU NHU Y
367574380,KBAM
574000940,PHU AN 289
574012702,MV NGOC LAN 17
548838000,MV SPHB INGAT
574246000,NASICO NAVIGATOR
574398396,KIEN 3
254852000,SBALLATA
245745000,SLINGEBORG
574556785,VIET NAM
548336100,SL MAHOGANY
574567888,CUONG DAT 508
574091944,CAO TACCAU T44
574898998,XIN PHAT BA
367574620,EDELWEISS
574000151,91151A2F40
548791000,ANGUS EXPRESS
574265000,GSM 01
257465500,MIDOEY VIKING
548892200,TUG PROCYON
574477477,A TIN 2015
200574901,ZHEPUYU200571
574013003,VINH PHUOC
245749000,SCHIEBORG
574183173,MINH NGUYET 18
257408000,HOEGH TOKYO
634574567,YOUMAJI 688
413374950,HANG TUO 4002
574126545,NHAN A1
548117500,CHELSEA ENDURANCE
356930021,M2ITIME SETOSHIO
367574760,RHUMBA
440574000,208DONGWON
574000180,VINACOMIN 02
257440420,TOMBA
574787000,XUAN LOC 01
574012084,HAI HA 88
574098459,3 THACH
574003150,PETROLIMEX 18
548586200,WRC1
257470000,EKRIVER
574969000,THINH AN 18
457404000,SEA DRAGON 8
477903300,PEACE ARK
574233000,BINH MINH
548935000,BERGE BANDAI
354852000,SUPER S7
257457600,MOLINERGUTT
515481000,JIN MAO
574001090,GREAT TRUST DRAGON 1
548896000,V PETREL
357499000,TAI HUNTER
211548880,LUEBECK
205488190,FLANDRIA
574228899,THIEN DUONG
205480790,DIESEL
574357000,LONG MON
257479000,OSLO TANK
215741000,SILVER LION
574381000,MEKONGTRANS 02
574012687,TRANG AN 02
574338000,TAY SON 4
574012308,TRUONG AN 19
413157989,N8DING TAN
574228796,THONG A29
574344391,OEQ20UY6LO
273548720,AKADEMIK KOVALEV
548446000,MANGIUM
273359440,AKADEMIK TRYOSHNIKOV
357442000,SHINING PESCADORES
574981000,VIET THUAN 36
257450500,SJOEFISK
574292122,LUANDON12201
357480000,GL LA PAZ
308967880,LOS ROQUES
574001370,NASICO GREEN
574000450,MINH CONG 68
574399000,VIET THUAN O6
257457000,STAR KINN
548357891,BRP CORREGIDOR
574280000,BIENDONG NAVIGATOR
257436820,F155A PIA MARIE
548911000,HORIN TRADER
574013098,TIEN DAI 01
125489568,SUGANYU050392
574295000,THANH THANH DAT 36
205483410,THUNDERBIRD8
574292819,TRONG TAN LUOI XU D5
354873000,MV MANZANARES
574290764,VANMAI2
574983000,PTSC THAI BINH
316004052,WISCOTT PURVIS
574095852,ANH KHOI952
574064054,HATHANH45
235484000,STENA CALYPSO
357460000,GINGA BOBCAT
574778296,TRUNG TIN
574000800,VINACOMINHALONG
245742007,LR3TN
367004790,JEFFERSON
574000630,VINACOMIN 03
574103167,MARITECH
574997384,DUYNHATCAUCAGU
272628000,EVGENIY YAKOVTSEV
574102311,VUOTLENCHINHMINH
205574210,DANISA
257469820,RAGNVALDSON
357457000,BASIC PORTLAND
574100208,TIENPHUONG 26
574000001,DANANG01
574081503,FISHING BUOY
574921000,THANH HAI 07
601115100,JOJOSI
574000239,TRAM THU
548919000,WESTERN CONFIDENCE
246548000,FREEDOMSURVEY
548736000,GLENDEN
515741000,ANGEL M
574095672,NCHXHCNVN
310638979,CERTOUX
587960806,7R37F1H7
354866000,GOLDEN JUPITER
457472000,ASIAN TRADER
454893811,DOLORES 870
357458000,YM GREAT
574013150,HAHAI79
574241000,IMEXTRANS 01
574302000,HOANGDAT45
574202092,DAUKHI101
574001234,CN09
457480000,OCEANLINE SC 381
205488290,MAC 7
413548461,HUO CHUAN 0058
574995471,BD95471T
574935000,AN PHAT 36
574010296,TTM
657476000,LADY PAULA
574222000,TRANG AN 05
477548900,SITC HAINAN
660574113,PUA
548777000,AS ORELIA
574012258,VIETTHUAN68
574939000,PV OIL VENUS
477548200,DAIWAN GLORY
574916282,TRUONGF40BUOY2
657472000,ABRAHAM
574987000,VINASHIP PEARL
211574200,PURAVIDA
574001450,PTSC HA LONG
574996516,MAIUYEN TUONGVI 16
574718000,MINH CONG 09ALCI
574000040,MAO9948
412574133,ZHE RUI YU 05520
574000279,H Q TH H BD 95
548006500,FILIPINAS BUTUAN
265574720,CHANTELL
548907144,GION TRAJER
548790000,TUPI MAIDEN
574000074,PHUONG TAI 307 B5
257454000,STOKKE SENIOR
574012919,HATHANH45
257414820,JILL HEGE
205487000,MINERAL WATER
574599000,BIENDONG MEL0DY
574100157,MANH TIEN 09
574295888,TINHCHI2
574111219,ANH TU
574997259,TAN HAI NGAN 01
574440000,TRAI THIEN 68
574000880,PASCO 86
574362000,CSB 9002
574777399,PHONG
257488002,ALVESTAD
574123449,PHUONG MY CHI
574000920,HO TAY
574001910,OCEAN 29
574975000,PTSC HAI PHONG
257548800,NAUTILUS MULTI
574246899,PHAT TAI PHAT LOC
574002980,ROYAL 08BLC
574003030,DYNAMIC OCEAN 16
305486000,TRINE
574001250,THAO1 RAP GE B29
354871000,FRIO OCEANIC
574537000,GIA VU 09
548603200,SPAN ASIA 12
574129872,TRAN VU
494561601,DIRFPGXINPTMCUZHJGD
574001470,TAM DAO 03
574444871,THAO SUONG 4
548779000,BOW HERON
574888034,FISHING
574222259,HIEU59 E26
357447000,COSCO XIAMEN
375129000,KAIKOURA
574797992,BAO TRAN 92
574820000,GREAT LADY
574818000,THANH HUY 126
357412000,HAKUYO
574010131,ANH MAO 99948
574131236,HB CUU LONG
257437000,HARVEST
257471000,SELJE
533170066,MV LEANN
357488000,BALSA84
574002820,HAI PHONG 19
357427000,CAPE MAGNOLIA
574777799,NGOC NA
574000087,ON NGHIA BD 96387 TS
357444000,MSC MEDITERRANEAN
574472237,TAN KHOA 54
265745450,RESCUE M ELIASSON
574213000,PHONG NHA
357450000,MTALBATOOL
574928000,SEA DRAGON
574281000,PTSC VUNGTAU
257404120,SVENDSEN SENIOR
548250100,PETRO CELINE
354803000,KT BIRDIE
574100101,SAI GON XANH 01
422574000,IRANIAN
574113112,BD112113TS
548218100,PETRO CARA
566548000,ASIAN CHAMPION
548950000,XIN HANTONG 208
574795379,CUONG NGUYEN
257460500,AKSELSON
235746000,ANTARCTIC II
574432000,VTC OCEAN
572574210,GRANCE
422044800,ATEELA 1
574427000,PVT EAGLE
574002190,VINAFCO 26
548868000,WESTERN SEATTLE
574001570,MT PVT MERCURY
355743000,ANASSA
574090439,39LUOI SU
574000123,VOKHCE
548805000,PACIFIC JOY
574111179,DANG KHOA
257461920,KNUT OLAV
574100155,HB02
574395888,TINH3LXUB37
574010905,TRUNG HAI 05
574333368,TUAN KIET
574002350,AULAC CONIFER
574971015,TRUNG HAI 05
205483790,SANCTA MARIA
574100184,HB09
548413000,KAPITAN FELIX OCA
257475000,STRIL MERMAID
412574125,ZHECANGYU09518
354804000,KOA MARU
574000910,MV NIMEX 01
574001130,ROYAL 06
574190154,DUC TIN 1
574777779,SU PHU
732122316,LMLQBHN9B533LY
245483000,EEMSGRACHT
574693000,VOSCO SKY
548837000,ENGKANTO
412548356,SHUI YANG66
235118274,BW ACORN
357404000,BL COSMOS
457421000,AMBER
257439000,STAR DIEPPE
235060915,PROLIFIC
574888023,FISHING
305484000,ICE MOON
257413000,STAR DERBY
227574960,SNS 147
574997398,I LOVE YOU OK
574004000,VINAFCO 28
205489190,RIO NEGRO
211548850,HERTHA QUANDT
312691000,RIO UTAMBONI
548695000,WICHITA BELLE
657415000,EUNICE III
998574035,ZHEXIANGYU74035
574733000,VULONG 06
245548000,RT INNOVATION
574000005,TUAN TUYET A22
574422000,QUANG MINH 5
419574000,MAHRSHI KRISHNATREYA
574000840,VINALINES BRAVE
574216000,THANH SON
574886000,PVT SEALION
574995306,DUC DUYHUYEN TRAN
548212365,LULAIZHOUYU1460
256000552,MELITA 10
574937000,VIET TIN LUCKY
574995641,VIET NAM
574191263,NGOC91263
367574340,HOS RED DAWN
354879000,PLACID SEA
574000590,VINH 02
574642000,SAI GON GAS
574363000,LUCK STAR
574012254,THANH THANH DAT 05
574096319,NHU Y
548619000,EASTERN CONFIDENCE
548676000,AVONDEN
205486090,DE PAEP V MEINECOM3
325741000,FORT
425486517,LING SONG YU 6809
565574000,MARINE HONOUR
574823145,SEAS48
205480090,LEQUINOXE
548730000,SIOUXMAIDEN
257439820,IVER JUNIOR
574012281,QUANG ANH 54
565745000,JAL PARI
574007965,TRUNG VIEC
548817000,SEBRING EXPRESS
257413720,NESOYFISK
205488800,ARGO NAVIS
574012346,MVPHU DAT36
248548000,ROXANE
412548963,ZHEXIANGYU71035
574000307,PHUONG TAI 307 B5
548110100,MVSUBIC BAY1
574938000,MV VAN KIEU 18
548545200,MORETA CARGO 2
227548360,ZUREKIN
354863000,MT TURU
548692000,SAHIWAL EXPRESS
574368000,MINH THO 18
548853000,PRINSESA MAGANDA
574001010,QUANG VINH 68
574002850,HAIAN TIME
548873000,KAPETAN TRADER III
257409500,HAAKONJR
548455100,CHELSEA THELMA
574000039,BD 95106 DAN
574352000,HERCULES M
548617200,MCC PALAWAN
574174499,62 NGHIA 626262 USB
257435500,JOHANNES
574549064,MYSKL7L0BSH
548079100,3501 ILOCOS NORTE
574117000,VSICO PIONEER
219015425,SVITZER THOR
574000610,PASCO 68
574912078,FISHING VESSELS
548885000,WESTWIND BLISS
574133000,PETROLIMEX 11
354802000,PATRIOT
227548410,BANDIT MANCHOT
574067718,VIET
574000170,TOAN THANG 27
574567788,CUONG DAT 365
574474747,TU CHI 47
265574510,S Y JOHANNA3
257415000,BOB
574423000,HAI PHUONG SUN
574510000,MV BINH DUONG 559
477986600,WELTRUST
548884000,THORCO LINEAGE
574141414,MINH TAN
574003130,TAN BINH 234
574138000,VTC PLANET
357456000,FUGRO EXPLORER
548925000,ALBATROSS TRADER
574001129,24B15
354811000,TAGANROGSKIY ZALIV
574721000,DAI NGHIA 09
265746000,SG 27 CEYLON
235574000,LONGSTONE
574754000,MV QUANG ANH 36
574595995,DUNG 62
574008897,KIM LUOI RUT TD8897U
412574137,MINFUDINGYU03118
657485000,ESCRAVOS LPG FSO
574091261,HAI 91261 P1 F40
538004128,PAN JASMINE
255574994,YU ZHOU XIANG HE6128
574000400,TRUONGLOC16
995740099,SHIP WRECK SHUN AN X
574097560,BD 97560 TS
574999616,CON DAO 09
367574940,MOOREA
574292756,NGOCLUOIXUD5
257418120,MESKJAER
574883479,NHOBACAU
574999999,TIEU NGAO GIANG HO
548010500,MEI LING 9
257498420,OEYLAND
622123244,MOSAED 1
257458600,HAVBRUS
574944000,DUC HOA 07
548599200,SPAN ASIA 11
574234567,THUY HAN THUY AN
574551688,HAU 688
574001410,OCEAN 08
574081071,KY VAN 02
574012749,GREENLINES 02
457455000,PUTERI
574398797,HOSN AIS TEST SHIP
413356810,FENG GANG 2
574310000,NEW ENERGY
357486000,HYUNDAI 60
574370000,RONG DOI
574473000,VINALINES MIGHTY
574193160,DUNG 93160P3
574940943,BAO XUYEN 68 TS
574868686,DUNG HOA
316002873,OCEAN GOLF
574001720,PRIME SAILOR
548463100,LPG LAURA
548127500,CHELSEA DOMINANCE
470574850,AL AMLAQ
220619000,SAMSOE
574100193,DUY HUNG 18
657458000,BREAKTHROUGH
413574152,MINFUDINGYUYUN01906
574574574,BONBIENLANHA
574206000,VINH HUNG
574125115,SUNRISE 6
354548000,ORIENTAL WISTERIA
548305100,MA VERONICA
574000570,THANH CONG 45
574411000,TRUONGPHAT02ALCI
574001800,STAR 62
548820175,JIANGSHUNDAHAIYANG
574090532,532 LUOI RUT 8897USB
548126348,ZHE CANG YU 01818
257441120,SOLVI F9G
354819000,P09
354812000,JOZINA
574554569,BIEN DAO VIET NAM
574797433,SAI GON
574455999,KIM DUC
574056046,VIET TIN 01
574272000,AQUAMARINE GAS
548578300,MORETA CARGO5
574576889,LUCKI
574098419,GIAU 419
574912345,YENVY
371548000,CAPE SOPHIA
548067500,GENERAL NATIVIDAD
201548751,5 95608124
367574980,REVERENCE
548059200,SL YAKAL
574201611,HAI XIU 44
574290490,PHAO2SON90C25
548580300,SIDER VIVARA
548931000,HALCON TRADER
125484585,SUGANYU044961
353574000,MOL LOIRE
354824000,IWASHIRO
574908000,PHU AN 268
574191795,TU795
574090622,VIET LUOI SU622
574446000,MV HAI MINH
477276700,WELPROFIT
355488001,MAMUT1
574543222,BONGHONGDO117
574101999,BD 96619 TS
574444489,80 A 21
257433000,EKSTAR
574000810,MARITIME 36
354874000,KENTA MARU
574001260,LONG HAI  02
574660022,KY WANG WEI YI 03
574991046,PHAOHUNG46
574081518,3 59
574909090,90 NGOC HUNG
566128000,JAYA CENTURION
574442000,TUSON
574100159,HP2933
548866000,SIDER PROCIDA
574980000,PHUONG NAM 69
574888009,FISHING
548937000,HAMBURG PEARL
548723000,SUN RIGHT
636015172,TEAMWORTH NO1
574580000,UT GLORY
257406500,MS ELIN TORIL
515110000,HAO JIN 2
548562000,SAN JUAN
354574000,PETRA II
376548000,JASCON 23
357403000,PAN ADVANCE
574191289,91289 A1 F40
574959922,VO NGUA CO NON
205484990,SUNSHINE
257412800,ODDGEIR JUNIOR
477548100,SITC LIAONING
574250316,DINH PHONG
414548806,IUAN0SHUN XIANG
235749000,ALTITUDE
574797670,THIEN 70
457494000,CONFIDENCE
548829000,EASTERN GALAXY
574001970,VICTORIA 68
574675990,TAU HT 990
574996036,HONG HUE 36
574145135,OCEAN STAR
548437100,MCC MINDANAO
574205000,PHONG LAN
548457100,MT DRJOSE PRIZAL
548421100,FRANCINE HANNAH
574560241,LUI 23 D32
548802000,EPSON TRADER 1
574373000,THAI HA 26
574003110,VIETSUN INTEGRITY
574111999,TAN SI  62  US
574075065,TRUONG SA
548116500,GREGORIO VELASQUEZ
574097595,THAO SUONG
574100253,HA LONG 01
574860395,SHUNFA95
503574000,WICKHAM
354826000,ASTORIA BRIDGE
357475000,ANTILLES VII
548630200,SL KAMAGONG
574557799,VU DUC DUY 306 TS
548917000,KAPETAN TRADER 1
574168158,HA TIEN
574012848,SON DUONG 1161
574878787,BD96916TS XUAN THUY
257463500,OSVALDSON
422222222,DHANGJIANGZ1AO
574001160,DAI DUONG QUEEN
257446000,BB SUPPORTER
574000380,MINH PHU 15
563171000,STAR DALMATIA
257548860,MALO
565917029,NLEAM LEADER
355742000,BIANCO ZEALAND
574235345,NGHIA QUAN
574137000,OCEAN BRIGHT
548826000,RENE TORRENO
548135500,MALABRIGO
265548890,KBV 594
574012187,HOANG VUONG 25
357478990,CORAL ACE
574888080,FISHING BOAT
257467000,SEIHOLM
367473780,ISABELLA ROSE
574131203,BD97182TSTRULOAN
574959510,SIENG KIEN
257420000,SKANDI SANTOS
574000011,BAC PHUNG
154888888,BHMM123456
574012798,HP 3514
574007591,0 51
257454420,KVITBJOERN
375746000,BRUFJELL
367574790,GREAT AMERICAN IV
548921000,NILIKHA
205484000,UNION KODIAK
548573000,BRP EDSA SAR002
574098171,DOAN B32
574001870,CSB 8001
574001590,STS PIONEER
574002750,TRUNGTHAO1818BLC
257485800,LUTEN
548034500,MV SPAN ASIA 9
548947000,DONGZE 45
574204000,HAI DANG 05
412574138,MINFUDINGYU04561
574000097,HIEN F3
574087000,HAI PHUONG 45
538007150,LMZ VEGA
574012236,TRUNG HAI 36
257409820,ANNE GRETHE
574002620,CSB8002
548892000,HANTON TRADER II
574104506,TOAI NGUYEN 06
357401000,PELICAN VENTURE
574195459,HUNG PHAT
565315000,LANPAN 22
548226100,DISCOVERY PALAWAN
574955000,QUANG MINH STAR
574012142,AN THANG 39
257548600,ANDOPSVARING
574181818,DONG QUA BAN OI
574002011,VUNGTAU 2011
215740000,PEREGRINE
574385000,HOANG PHAT 289
574201005,HONG HA 69
345745327,OCEANICA PILOT
367438870,TAYLOR
574201603,THANH VINH 01
574463000,BIENDONG VICTORY
574996194,DAI VIET
368548000,MISSBERDIE
574193717,TRADONG01
574573132,3L7GL3A26OSAN5H
957416252,SUHUAIHUO9728
574828647,DUC
574293454,TRADONG03
548183100,OCEAN FAITH
895481010,MIN DONG YU 25244
210574000,SHAHAF
574888027,FISHING
412574128,HAO HANG 018
574094507,DUNG A40
548687000,MILLION TRADER II
574995474,HEN EM TRANG TRON
574723000,SAR 273
257422120,JOHAN R
265485458,11232 74V
574437000,THAI BINH STAR 01
411969359,BDZHHPXKTCJATZQZMLIX
548563200,MV SPAN ASIA 5
548402100,TBR DLC RORO II
512548974,SUGANYU053894
254800004,SUGANYU0254804
413574528,FEI YI 6
574191775,SON 91775 PHAO E26
357493000,EVER URANUS
548351200,ABALON
574153143,AN PHONG
574767568,CHANH TONG 96417
548000004,LCTOCEAN CARRIER
257456500,PAUL SENIOR
574444902,89 CHU DU 2
257496420,TROND GAUTE
574294518,LOC 2
574123452,TAN THUAN 2
574100176,LA 06073
548089500,BRAVE
574409000,FORTUNE NAVIGATOR
574667779,THANH CONG
357435000,AOYAMA
574717273,CAT TUONG
454813810,SUPERFERRY 1
825486554,L3OLRCH3QL83LE3H
548473000,NAVAJO PRINCESS
574089079,DAI LANH
354816000,VIVEKANAND 1
574497503,THANTAJ
574740000,DONG PHONG 68
574098668,KIEN B5
574013149,DONG DO 68
574094173,BINRADEN 1
574000982,TAU KEO982
257405500,STORHOLM
574036157,HK TV
548008500,MEI LING 7
574000300,PHUONG NAM 68
574002610,THANH THANH DAT 99
220574000,FJORD CAT
565483000,ENA JADE
574279000,HUFA STAR
413548951,YONG LI 399
574929000,MV QUANG ANH 25
574000990,LAM HONG 99
548403100,MT SULU VENTURE
574976960,THANH DAT
125480415,SUGANYU140623
205747210,PROGRESS
574932000,AN THINH PHU 08
357478000,JEWEL OF NIPPON
574201602,TRUNG HAI 05
574123939,MA RA DO NA
574098974,CU LINH 74TD8974USB
574013121,TAN BINH 135
457467000,ROULA
574667789,THANH CONG 1
574095675,NGUYEN THANH DAT
574796047,KJM NGAN
574311000,MY THINH
574259759,HOANG DAO GIA BAO
574100001,HP2430
574092819,TRONG TAN LUOI XU D5
354805000,MIGHTY MICHALIS
574097007,VUNG ZAY NAO 07
574013228,TAN BINH 136
574090729,YEN TAM B7
565743000,AGILITY
375745000,BSLE PRINCESS
574012349,HONG DUONG 18
574167889,VIENSIEGKIEN
574081506,QUAN 02
357492000,ACERGY POLARIS
657430000,FPSO MYSTRAS
574121260,91260 F4O P1
574779889,QUOCCONG
548375000,KIOWAPRINCESS
574994776,76 LUA VE
574396572,HOAHUONG3
354843000,HYUNDAI OCEANPIA
413376486,CAPFH B
574760439,TXD TQB HN
469548631,JSXDSAMOEMERKDGXFRKG
574357406,HIEU LOAN
357411000,NEWYORKER
205486200,SUSHI
367574460,MENTAL FLOSS II
574195951,NGOC DIEP
357434000,SIYA
367548940,VIA BELLA
574040030,NAM LONG 03
477749500,WELSUCCESS
574404000,MINH HA 08
205485190,BARAKA
265745540,RESCUE LILLIE
357490000,GLORY HANGZHOU
574185175,GOLDEN LIGHT
574011111,HUU PHUC
657411000,ANGIE O
338574000,FERREL
354885000,ALIZAY 2
574292000,SILVER DRAGON
576744000,GSF RIG124
574250000,DONG PHONG
205481490,IDEAL
574567849,QUOC NGHIA
574012112,ANH TUAN
357466290,SV RELENTLESS
574100181,SG 5472
574555666,TRANG SANG DO DI
574996798,THUANTHAO
548789000,ACX CRYSTAL
574002010,MV VICTORIA 02
574278888,06 DUNG
574191734,THINH 91734 F40 P1
357113993,SEA PROMISE
574111159,HIEU59
257487600,MTENIOR
265483000,GINNETON
257432000,SYPRESS
574333666,NINABI
574194568,CHAU LRUT 8568LSB
574888888,TIEN LEN
574012797,HP3058
574985129,HAU HOAI
244574000,PRWILLEM ALEXANDER
574797470,ANH TRUNG
574996125,TPHCM 125
574248946,KIM LEN
574966000,TIEN GIANG 07
548324100,SAN RAFAEL DOS
257427000,LUNITA
311548000,CASTILLO D SAN PEDRO
354898000,SAKAIDE MARU
370548000,LICHTENSTEIN
574000600,AN PHU 16
574995472,TKYNSD
257418600,TOTTA
548874000,WESTERN HONOLULU
548787685,H6NCLHC OBHI
574000550,THAI BINH 01
574006166,PHAO 1
355748000,CHRISTINE B
574100113,SG 6368
574001230,DYNAMIC OCEAN 03
367548870,FV TWO DUKES
574392756,NGOCLUOIXUD5
574000069,RAP GHE NHU Y A 9
574006839,THIENDINH
305485000,MORANTO
574995239,VAN SU NHU Y
574001900,LONG PHU 10
574767000,GIA VU 18
548513000,MATIMCO
271042325,INCE HAMBURG
257452620,SKOGOEY
215481000,GAS ORIENTAL
574261000,HUFACO 27
548749000,SEMINOLE PRINCESS
245741000,BANIER
357498000,XIN SHANG
574926000,VIETSOVPETRO02
574096601,ANH KHOA 96601
413548765,XINGHUATAI
257490700,ALDIS LIND
538005184,YANGZE NAVIGATION
257458720,UREVAERINGEN F16G
574000490,TIEN DAT 09ALCI
574823000,HOANG SON 27
357483000,BURAK
245485000,ESCAPADE
205548000,FELICITY
457457000,OCEANIC WEALTH
574012568,NGHIEM PHAT 01
412574129,MINFUDINGYUYUN0597
548001100,LPG MARIA TERESITA
273548510,PECHORA
257492800,HAVSUND
574796549,T M PH L
636017491,METEOR
257455900,MINI MAMMUT
574995679,MAI CHI
257497500,TINDSKJAER
574000720,NASOS 1
574922000,THANH HAI 08
257469320,STABBEN
574821890,SAR 574821890
548618200,MCC BATANES
857496325,WANHUAIYUANHUO2856
357437000,MARITIME VICTORY
574786000,THAI BINH DUONG
574446705,TUAN KIET A
574002520,HOA BINH 54
265548440,BUNKER
548149000,LUMINOUS ACE
574444449,9 NGUYEN 3HUYEN
357494000,CHARLES MARTIN
375744000,OSPREY    FIGHTER
370574000,WELVIEW
211574320,LADY K
574001540,DYNAMIC OCEAN 05
574962000,NASICO LION
574999554,CSG 99
574228719,BINH AN
574298888,SON 2222
574008096,QUANG NGAI
574417000,HAI PHONG 36
227574760,FV MARJOHEL 2
574125120,VIET C10
574001760,VP ASPHALT 2
574123458,DNA 90802 A1
574192182,LONG BIEN
574107174,LUOI CANG 71
574667788,BD 97345
246670000,ABIS CUXHAVEN
548344100,OCEAN SERENITY
574603385,NGHIA HAI 09 2
574051243,BAO TRAN
657438000,MTSEA PIONEER
548927000,DOLORES 869
574520000,HONG NGOC 09
548000011,THERESIAN STARS
574012175,HOANG SON 45
574972000,THUAN PHAT 18
574984000,VINACONEX LINES
574430000,HOANG TUAN 25
354893000,EVER DIAMOND
375488000,VB GOLDEN
574912000,HAI PHONG 18
574096642,NGANKY96642
574331378,91378 3T P2 E26
574097216,TPN95
574012763,MA 12
574000280,MV DUC NAM 01
574001960,VICTORIA 01
887210768,MV LADY TASHA
574333000,AULAC ANGEL
574003080,THANH THANH DAT 999
548678300,MV LADY OF LOVE
257472000,STRIL BARENTS
548900000,NICOLINA
257423000,SOYA
574395000,PVT DRAGON
574002330,TRUONG SON 16
548311100,CHELSEA CHERYLYN
356548000,NEWJOURNEY
548845000,GINTO
412574110,PAN PAN HAO 1110
548522300,SUPERCAT 20
574223452,NGOC DU 2
257548590,SAGENA
574912812,91280 A1 F40
574012741,HP3888
413574689,SUHUAIHUO15555
412301877,NY YANG SHI YOU 688
574978000,PHU HUNG 05
657475000,M V AMS TITAN
563574000,GEMMATA
574096624,VINHHANH
157461388,L0CL0CLB74 HAO
548893000,NY TRADER 2
503574700,CURLEW
657429000,JAMBON EXPLORER
887178000,MV LADY TASHA
574639639,DINH HUY BAO KHANH
574911135,THANG LONG
574012587,SONG CHANH 66
574198886,VINH
357471000,MSC NORMANDIE
574777777,LHY 5747 78V
574100135,HB 88
574090275,BINH75
574666777,8 HOA THAO 01
257410000,STENA SIRITA
574308246,CU VIN
574095332,QUANG THOAI
371574000,PHOBOS
574585858,58 LUOI CANG
265548350,KULLEN
574924000,ICT ASPHALT 04
257431000,HAVILA BORG
354851000,MOL PRECISION
574349000,KIEN HUNG
574718080,PQTAJZ TBA JX
257421500,IDA THERESE
235745000,VALIANT
574598888,SON 5555
257487700,ELNESFISK
257411700,NYVAG
265548280,SY STORSTINA
574000740,NASHICO 08
254893000,BISO
574007755,KY WANG WEI YI 50
574406000,SHIPMARIN STAR
574125166,DUC THANH 2
574854865,GIAUYG7
574949000,THANH MINH 09
574999414,HOAN HAO
548467000,ORIENTAL PRIDE
636092183,DIANA BOLTEN
355744000,MARILENA
548891000,V RED KNOT
574888024,FISHING
574000388,NAM 388 A1 F40
257494000,FFS ACHILLES
413574039,ZHE SHI YU 039
257499800,VIBEKE CATHRIN
257483500,AKCHAR
425484613,AJGM2
257426720,FJORDSNURP
574198143,LUOI 98143
574180170,SAR 2701
574498529,4 529 C10
515480000,DIMA
255574980,YU ZHOU XIANG HE6128
211574770,PLANB
257413900,WATERBJORN
548822000,HUDSON TRADER 1
367574590,SEQUEL
574108098,THANH LONG
574002070,VICTORIA 19
574995678,BD 96745
548461100,INTREPID
257413500,RINGSKJAER NORD
574777888,VIET THAO 2
574040000,NAM LONG  03
354806000,FORTUNE OCEAN
574092972,HOSN AIS TEST SHIP
257497000,TAMPA